timestamp,n_customers,n_stations,seed,config,meta_seed,cost,runtime_s,n_routes,n_truck,n_drone,n_robot
2026-05-27T00:08:07,15,4,42,all,0,252.2386,3.82,2,14,0,1
2026-05-27T00:08:10,15,4,42,all,1,312.1615,3.38,2,13,0,2
2026-05-27T00:08:14,15,4,42,all,2,278.7516,3.86,2,12,1,2
2026-05-27T00:08:18,15,4,42,all,3,328.0022,3.48,2,13,0,2
2026-05-27T00:08:21,15,4,42,all,4,328.0022,3.27,2,13,0,2
2026-05-27T00:08:24,15,4,42,no_drone,0,331.4715,3.13,2,13,0,2
2026-05-27T00:08:27,15,4,42,no_drone,1,312.4219,3.11,2,13,0,2
2026-05-27T00:08:31,15,4,42,no_drone,2,333.012,3.19,2,13,0,2
2026-05-27T00:08:34,15,4,42,no_drone,3,336.922,3.1,2,13,0,2
2026-05-27T00:08:37,15,4,42,no_drone,4,330.5855,3.07,2,13,0,2
2026-05-27T00:08:39,15,4,42,no_robot,0,347.4764,2.71,2,15,0,0
2026-05-27T00:08:42,15,4,42,no_robot,1,340.8059,2.84,2,13,2,0
2026-05-27T00:08:46,15,4,42,no_robot,2,338.0797,3.35,2,15,0,0
2026-05-27T00:08:49,15,4,42,no_robot,3,348.1045,2.87,2,15,0,0
2026-05-27T00:08:51,15,4,42,no_robot,4,348.0724,2.7,2,15,0,0
2026-05-27T00:08:54,15,4,42,truck_only,0,341.9137,3.01,2,15,0,0
2026-05-27T00:08:57,15,4,42,truck_only,1,342.9861,2.7,2,15,0,0
2026-05-27T00:09:00,15,4,42,truck_only,2,336.1908,2.99,2,15,0,0
2026-05-27T00:09:03,15,4,42,truck_only,3,344.4365,2.83,2,15,0,0
2026-05-27T00:09:06,15,4,42,truck_only,4,342.0584,2.83,2,15,0,0
2026-05-27T00:09:10,15,4,99,all,0,333.8595,4.42,3,13,2,0
2026-05-27T00:09:14,15,4,99,all,1,403.0602,3.73,4,15,0,0
2026-05-27T00:09:18,15,4,99,all,2,309.9301,4.11,3,12,3,0
2026-05-27T00:09:23,15,4,99,all,3,327.8542,4.91,3,12,3,0
2026-05-27T00:09:27,15,4,99,all,4,392.3046,3.7,4,15,0,0
2026-05-27T00:09:30,15,4,99,no_drone,0,345.7843,3.74,4,15,0,0
2026-05-27T00:09:34,15,4,99,no_drone,1,512.0138,3.35,4,15,0,0
2026-05-27T00:09:37,15,4,99,no_drone,2,453.9166,3.64,4,15,0,0
2026-05-27T00:09:41,15,4,99,no_drone,3,396.9548,3.52,4,15,0,0
2026-05-27T00:09:44,15,4,99,no_drone,4,420.5781,3.43,3,15,0,0
2026-05-27T00:09:48,15,4,99,no_robot,0,379.2081,3.88,3,13,2,0
2026-05-27T00:09:52,15,4,99,no_robot,1,418.0548,3.96,4,15,0,0
2026-05-27T00:09:57,15,4,99,no_robot,2,289.1777,4.5,3,14,1,0
2026-05-27T00:10:01,15,4,99,no_robot,3,330.4511,4.42,3,12,3,0
2026-05-27T00:10:06,15,4,99,no_robot,4,309.635,4.53,3,13,2,0
2026-05-27T00:10:09,15,4,99,truck_only,0,428.9496,3.61,3,15,0,0
2026-05-27T00:10:13,15,4,99,truck_only,1,464.2746,3.38,4,15,0,0
2026-05-27T00:10:16,15,4,99,truck_only,2,436.9653,3.47,4,15,0,0
2026-05-27T00:10:20,15,4,99,truck_only,3,375.4855,3.43,3,15,0,0
2026-05-27T00:10:23,15,4,99,truck_only,4,435.166,3.43,4,15,0,0
2026-05-27T00:10:29,15,4,123,all,0,311.8326,5.93,3,11,3,1
2026-05-27T00:10:35,15,4,123,all,1,396.105,5.57,3,13,1,1
2026-05-27T00:10:41,15,4,123,all,2,293.7899,5.99,2,13,1,1
2026-05-27T00:10:47,15,4,123,all,3,420.734,6.03,3,14,0,1
2026-05-27T00:10:52,15,4,123,all,4,372.0241,5.52,3,14,0,1
2026-05-27T00:10:58,15,4,123,no_drone,0,416.6304,5.36,3,14,0,1
2026-05-27T00:11:03,15,4,123,no_drone,1,405.3331,5.25,3,15,0,0
2026-05-27T00:11:08,15,4,123,no_drone,2,395.5879,5.42,3,13,0,2
2026-05-27T00:11:14,15,4,123,no_drone,3,402.4781,5.94,3,14,0,1
2026-05-27T00:11:23,15,4,42,all,5,330.5855,3.26,2,13,0,2
2026-05-27T00:11:26,15,4,42,all,6,328.0022,3.19,2,13,0,2
2026-05-27T00:11:29,15,4,42,all,7,330.5855,3.26,2,13,0,2
2026-05-27T00:11:32,15,4,42,all,8,330.5855,3.2,2,13,0,2
2026-05-27T00:11:36,15,4,42,all,9,278.1739,3.31,2,13,0,2
2026-05-27T00:11:39,15,4,42,no_drone,5,250.1719,3.8,2,14,0,1
2026-05-27T00:11:43,15,4,42,no_drone,6,331.4715,3.36,2,13,0,2
2026-05-27T00:11:46,15,4,42,no_drone,7,312.4219,3.22,2,13,0,2
2026-05-27T00:11:49,15,4,42,no_drone,8,335.436,3.01,2,13,0,2
2026-05-27T00:11:53,15,4,42,no_drone,9,244.3893,3.48,2,13,0,2
2026-05-27T00:11:55,15,4,42,no_robot,5,360.8901,2.92,2,15,0,0
2026-05-27T00:11:58,15,4,42,no_robot,6,347.5637,2.76,2,15,0,0
2026-05-27T00:12:01,15,4,42,no_robot,7,343.2825,2.81,2,15,0,0
2026-05-27T00:12:04,15,4,42,no_robot,8,317.006,2.92,2,15,0,0
2026-05-27T00:12:07,15,4,42,no_robot,9,336.1908,3.16,2,15,0,0
2026-05-27T00:12:10,15,4,42,truck_only,5,339.3511,2.85,2,15,0,0
2026-05-27T00:12:13,15,4,42,truck_only,6,338.9337,2.8,2,15,0,0
2026-05-27T00:12:16,15,4,42,truck_only,7,344.9996,2.9,2,15,0,0
2026-05-27T00:12:19,15,4,42,truck_only,8,344.1686,2.76,2,15,0,0
2026-05-27T00:12:21,15,4,42,truck_only,9,340.0066,2.82,2,15,0,0
2026-05-27T00:12:26,15,4,99,all,5,375.2296,4.37,3,13,2,0
2026-05-27T00:12:30,15,4,99,all,6,294.5083,4.21,3,13,2,0
2026-05-27T00:12:34,15,4,99,all,7,397.1104,3.95,4,12,3,0
2026-05-27T00:12:38,15,4,99,all,8,261.4322,4.31,3,13,2,0
2026-05-27T00:12:43,15,4,99,all,9,378.3224,4.35,4,15,0,0
2026-05-27T00:12:46,15,4,99,no_drone,5,454.2349,3.49,4,15,0,0
2026-05-27T00:12:50,15,4,99,no_drone,6,456.4315,3.38,4,15,0,0
2026-05-27T00:12:53,15,4,99,no_drone,7,428.6084,3.51,4,15,0,0
2026-05-27T00:12:57,15,4,99,no_drone,8,437.1753,3.46,4,15,0,0
2026-05-27T00:13:00,15,4,99,no_drone,9,398.6197,3.49,4,15,0,0
2026-05-27T00:13:05,15,4,99,no_robot,5,350.6414,4.52,2,13,2,0
2026-05-27T00:13:09,15,4,99,no_robot,6,365.6896,4.0,3,12,3,0
2026-05-27T00:13:12,15,4,99,no_robot,7,445.9554,3.58,4,15,0,0
2026-05-27T00:13:17,15,4,99,no_robot,8,382.0811,4.36,3,13,2,0
2026-05-27T00:13:21,15,4,99,no_robot,9,311.0037,4.33,4,13,2,0
2026-05-27T00:13:24,15,4,99,truck_only,5,454.2349,3.47,4,15,0,0
2026-05-27T00:13:28,15,4,99,truck_only,6,456.4315,3.44,4,15,0,0
2026-05-27T00:13:31,15,4,99,truck_only,7,428.6084,3.52,4,15,0,0
2026-05-27T00:13:35,15,4,99,truck_only,8,437.1753,3.47,4,15,0,0
2026-05-27T00:13:38,15,4,99,truck_only,9,398.6197,3.49,4,15,0,0
2026-05-27T00:13:44,15,4,123,all,5,402.8896,5.67,3,13,1,1
2026-05-27T00:13:50,15,4,123,all,6,403.451,5.66,3,14,0,1
2026-05-27T00:13:55,15,4,123,all,7,391.1311,5.68,3,11,2,2
2026-05-27T00:14:01,15,4,123,all,8,311.3507,5.95,2,13,1,1
2026-05-27T00:14:07,15,4,123,all,9,428.8321,5.59,3,14,0,1
2026-05-27T00:14:12,15,4,123,no_drone,4,418.481,5.27,3,14,0,1
2026-05-27T00:14:18,15,4,123,no_drone,5,363.7269,5.33,3,14,0,1
2026-05-27T00:14:23,15,4,123,no_drone,6,404.8542,5.38,3,14,0,1
2026-05-27T00:14:28,15,4,123,no_drone,7,367.6147,5.24,3,14,0,1
2026-05-27T00:14:34,15,4,123,no_drone,8,319.4447,5.46,2,14,0,1
2026-05-27T00:14:39,15,4,123,no_drone,9,327.2331,5.48,3,14,0,1
2026-05-27T00:14:44,15,4,123,no_robot,0,347.3219,5.27,3,13,2,0
2026-05-27T00:14:50,15,4,123,no_robot,1,319.7026,5.17,2,15,0,0
2026-05-27T00:14:55,15,4,123,no_robot,2,439.6973,5.09,3,15,0,0
2026-05-27T00:15:00,15,4,123,no_robot,3,427.8367,5.0,3,15,0,0
2026-05-27T00:15:05,15,4,123,no_robot,4,431.4925,5.11,3,15,0,0
2026-05-27T00:15:10,15,4,123,no_robot,5,393.2064,5.01,3,15,0,0
2026-05-27T00:15:15,15,4,123,no_robot,6,310.5629,5.26,2,15,0,0
2026-05-27T00:15:20,15,4,123,no_robot,7,433.3551,4.97,3,14,1,0
2026-05-27T00:15:25,15,4,123,no_robot,8,431.2475,5.27,3,15,0,0
2026-05-27T00:15:31,15,4,123,no_robot,9,308.8255,5.16,2,15,0,0
2026-05-27T00:15:36,15,4,123,truck_only,0,440.8211,5.05,3,15,0,0
2026-05-27T00:15:41,15,4,123,truck_only,1,407.0585,5.03,3,15,0,0
2026-05-27T00:15:46,15,4,123,truck_only,2,445.0716,5.08,3,15,0,0
2026-05-27T00:15:51,15,4,123,truck_only,3,431.8455,5.28,3,15,0,0
2026-05-27T00:15:56,15,4,123,truck_only,4,434.6127,5.03,3,15,0,0
2026-05-27T00:16:01,15,4,123,truck_only,5,429.1528,4.96,3,15,0,0
2026-05-27T00:16:07,15,4,123,truck_only,6,439.6421,5.7,3,15,0,0
2026-05-27T00:16:12,15,4,123,truck_only,7,448.0458,4.98,3,15,0,0
2026-05-27T00:16:17,15,4,123,truck_only,8,430.5487,5.06,3,15,0,0
2026-05-27T00:16:22,15,4,123,truck_only,9,430.7993,5.1,3,15,0,0
