timestamp,n_customers,n_stations,seed,run_type,status,obj_val,obj_bound,mip_gap_pct,runtime_s,n_nodes,n_vars,n_constrs,n_bin_vars,n_int_vars,vi_config
2026-05-26T12:15:20,5,2,42,milp,OPTIMAL,225.4683,225.4683,0.0,0.79,1,48240,85595,45120,45120,vi_all
2026-05-26T12:15:20,5,2,42,meta,0,225.4683,0.29,1,3,1,0
2026-05-26T12:15:20,5,2,42,meta,1,225.4683,0.28,1,3,1,0
2026-05-26T12:15:21,5,2,42,meta,2,225.9053,0.29,1,5,0,0
2026-05-26T12:15:21,5,2,42,meta,3,225.4683,0.28,1,3,1,0
2026-05-26T12:15:21,5,2,42,meta,4,225.4683,0.28,1,3,1,0
2026-05-26T12:15:33,5,2,99,milp,OPTIMAL,190.8803,190.8803,0.0,6.96,1,48240,87795,45120,45120,vi_all
2026-05-26T12:15:34,5,2,99,meta,0,190.8803,0.26,1,5,0,0
2026-05-26T12:15:34,5,2,99,meta,1,190.8803,0.28,1,5,0,0
2026-05-26T12:15:34,5,2,99,meta,2,190.8803,0.25,1,5,0,0
2026-05-26T12:15:35,5,2,99,meta,3,190.8803,0.26,1,5,0,0
2026-05-26T12:15:35,5,2,99,meta,4,190.8803,0.24,1,5,0,0
2026-05-26T12:15:41,5,2,123,milp,OPTIMAL,145.9055,145.9055,0.0,0.87,1,48240,85195,45120,45120,vi_all
2026-05-26T12:15:41,5,2,123,meta,0,145.9055,0.26,1,5,0,0
2026-05-26T12:15:41,5,2,123,meta,1,145.9055,0.26,1,5,0,0
2026-05-26T12:15:42,5,2,123,meta,2,145.9055,0.25,1,5,0,0
2026-05-26T12:15:42,5,2,123,meta,3,145.9055,0.25,1,5,0,0
2026-05-26T12:15:42,5,2,123,meta,4,145.9055,0.26,1,5,0,0
2026-05-26T12:15:50,5,3,42,milp,OPTIMAL,223.4151,223.4151,0.0,0.8,1,60200,109417,56500,56500,vi_all
2026-05-26T12:15:50,5,3,42,meta,0,223.4151,0.27,1,5,0,0
2026-05-26T12:15:50,5,3,42,meta,1,223.4151,0.25,1,5,0,0
2026-05-26T12:15:51,5,3,42,meta,2,223.4151,0.26,1,5,0,0
2026-05-26T12:15:51,5,3,42,meta,3,223.4151,0.26,1,5,0,0
2026-05-26T12:15:51,5,3,42,meta,4,223.4151,0.26,1,5,0,0
2026-05-26T12:16:04,5,3,99,milp,OPTIMAL,190.3249,190.3249,0.0,5.8,1,60200,111617,56500,56500,vi_all
2026-05-26T12:16:04,5,3,99,meta,0,190.3249,0.27,1,3,1,0
2026-05-26T12:16:04,5,3,99,meta,1,190.3249,0.25,1,3,1,0
2026-05-26T12:16:05,5,3,99,meta,2,190.3249,0.24,1,3,1,0
2026-05-26T12:16:05,5,3,99,meta,3,190.3249,0.25,1,3,1,0
2026-05-26T12:16:05,5,3,99,meta,4,190.3249,0.25,1,3,1,0
2026-05-26T12:16:13,5,3,123,milp,OPTIMAL,145.3624,145.3624,0.0,0.93,1,60200,109017,56500,56500,vi_all
2026-05-26T12:16:13,5,3,123,meta,0,145.3624,0.3,1,5,0,0
2026-05-26T12:16:13,5,3,123,meta,1,145.3624,0.29,1,5,0,0
2026-05-26T12:16:14,5,3,123,meta,2,145.3624,0.3,1,5,0,0
2026-05-26T12:16:14,5,3,123,meta,3,145.3624,0.3,1,5,0,0
2026-05-26T12:16:14,5,3,123,meta,4,145.3624,0.3,1,5,0,0
2026-05-26T12:16:27,5,5,42,milp,OPTIMAL,162.6694,162.6694,0.0,2.0,1,87240,163601,82380,82380,vi_all
2026-05-26T12:16:28,5,5,42,meta,0,177.3695,0.3,2,4,0,1
2026-05-26T12:16:28,5,5,42,meta,1,162.6694,0.3,1,4,0,1
2026-05-26T12:16:28,5,5,42,meta,2,162.6694,0.29,1,4,0,1
2026-05-26T12:16:28,5,5,42,meta,3,165.2444,0.27,1,5,0,0
2026-05-26T12:16:29,5,5,42,meta,4,180.1557,0.3,2,4,0,1
2026-05-26T12:16:45,5,5,99,milp,OPTIMAL,144.9852,144.9852,0.0,5.16,237,87240,165501,82380,82380,vi_all
2026-05-26T12:16:45,5,5,99,meta,0,144.9852,0.3,1,5,0,0
2026-05-26T12:16:46,5,5,99,meta,1,144.9852,0.31,1,5,0,0
2026-05-26T12:16:46,5,5,99,meta,2,144.9852,0.32,1,5,0,0
2026-05-26T12:16:46,5,5,99,meta,3,144.9852,0.31,1,5,0,0
2026-05-26T12:16:47,5,5,99,meta,4,144.9852,0.33,1,5,0,0
2026-05-26T12:16:59,5,5,123,milp,OPTIMAL,176.2653,176.2653,0.0,1.72,1,87240,163201,82380,82380,vi_all
2026-05-26T12:16:59,5,5,123,meta,0,176.2653,0.28,1,4,0,1
2026-05-26T12:17:00,5,5,123,meta,1,177.7907,0.27,1,4,0,1
2026-05-26T12:17:00,5,5,123,meta,2,176.2653,0.27,1,4,0,1
2026-05-26T12:17:00,5,5,123,meta,3,176.2653,0.28,1,4,0,1
2026-05-26T12:17:01,5,5,123,meta,4,190.7295,0.28,2,4,0,1
2026-05-26T12:17:12,6,2,42,milp,OPTIMAL,222.99,222.99,0.0,1.62,1,82240,146997,78320,78320,vi_all
2026-05-26T12:17:12,6,2,42,meta,0,273.2342,0.33,2,6,0,0
2026-05-26T12:17:13,6,2,42,meta,1,241.6881,0.33,2,6,0,0
2026-05-26T12:17:13,6,2,42,meta,2,222.99,0.34,1,6,0,0
2026-05-26T12:17:13,6,2,42,meta,3,268.291,0.33,2,6,0,0
2026-05-26T12:17:14,6,2,42,meta,4,241.6881,0.33,2,6,0,0
2026-05-26T12:17:28,6,2,99,milp,OPTIMAL,201.3907,201.3907,0.0,4.18,34,82240,149637,78320,78320,vi_all
2026-05-26T12:17:28,6,2,99,meta,0,201.3907,0.38,1,6,0,0
2026-05-26T12:17:29,6,2,99,meta,1,201.3907,0.34,1,6,0,0
2026-05-26T12:17:29,6,2,99,meta,2,201.3907,0.34,1,6,0,0
2026-05-26T12:17:29,6,2,99,meta,3,201.796,0.34,1,6,0,0
2026-05-26T12:17:30,6,2,99,meta,4,201.3907,0.35,1,6,0,0
2026-05-26T12:17:41,6,2,123,milp,OPTIMAL,179.8367,179.8367,0.0,1.57,1,82240,146517,78320,78320,vi_all
2026-05-26T12:17:41,6,2,123,meta,0,189.6918,0.32,2,6,0,0
2026-05-26T12:17:42,6,2,123,meta,1,221.0428,0.35,2,6,0,0
2026-05-26T12:17:42,6,2,123,meta,2,179.8367,0.33,1,6,0,0
2026-05-26T12:17:42,6,2,123,meta,3,179.8367,0.33,1,6,0,0
2026-05-26T12:17:43,6,2,123,meta,4,224.1741,0.32,2,5,0,1
2026-05-26T12:17:58,6,3,42,milp,OPTIMAL,182.5196,182.5196,0.0,2.12,42,100620,183679,96020,96020,vi_all
2026-05-26T12:17:58,6,3,42,meta,0,182.5196,0.41,1,6,0,0
2026-05-26T12:17:59,6,3,42,meta,1,182.5196,0.4,1,6,0,0
2026-05-26T12:17:59,6,3,42,meta,2,200.9418,0.41,2,6,0,0
2026-05-26T12:17:59,6,3,42,meta,3,182.5196,0.39,1,6,0,0
2026-05-26T12:18:00,6,3,42,meta,4,182.5196,0.4,1,6,0,0
2026-05-26T12:18:19,6,3,99,milp,OPTIMAL,150.3607,150.3607,0.0,6.52,849,100620,186439,96020,96020,vi_all
2026-05-26T12:18:20,6,3,99,meta,0,151.0615,0.39,1,6,0,0
2026-05-26T12:18:20,6,3,99,meta,1,150.3607,0.38,1,6,0,0
2026-05-26T12:18:20,6,3,99,meta,2,150.3607,0.43,1,6,0,0
2026-05-26T12:18:21,6,3,99,meta,3,150.3607,0.4,1,6,0,0
2026-05-26T12:18:21,6,3,99,meta,4,150.3607,0.4,1,6,0,0
2026-05-26T12:18:36,6,3,123,milp,OPTIMAL,220.6826,220.6826,0.0,2.35,74,100620,183559,96020,96020,vi_all
2026-05-26T12:18:37,6,3,123,meta,0,220.6826,0.4,1,5,0,1
2026-05-26T12:18:37,6,3,123,meta,1,263.117,0.41,2,6,0,0
2026-05-26T12:18:38,6,3,123,meta,2,233.0913,0.4,2,6,0,0
2026-05-26T12:18:38,6,3,123,meta,3,220.6826,0.4,1,5,0,1
2026-05-26T12:18:38,6,3,123,meta,4,232.5544,0.4,2,5,0,1
2026-05-26T12:19:03,6,5,42,milp,OPTIMAL,221.4844,221.4844,0.0,4.8,96,141820,266523,135860,135860,vi_all
2026-05-26T12:19:04,6,5,42,meta,0,221.4844,0.39,1,4,1,0
2026-05-26T12:19:04,6,5,42,meta,1,222.1818,0.38,1,6,0,0
2026-05-26T12:19:04,6,5,42,meta,2,221.4844,0.37,1,4,1,0
2026-05-26T12:19:05,6,5,42,meta,3,221.4844,0.41,1,4,1,0
2026-05-26T12:19:05,6,5,42,meta,4,222.1818,0.39,1,6,0,0
2026-05-26T12:19:39,6,5,99,milp,OPTIMAL,150.4456,150.4456,0.0,13.67,1227,141820,268923,135860,135860,vi_all
2026-05-26T12:19:39,6,5,99,meta,0,150.4456,0.39,1,6,0,0
2026-05-26T12:19:40,6,5,99,meta,1,150.4456,0.34,1,6,0,0
2026-05-26T12:19:40,6,5,99,meta,2,151.0035,0.35,1,6,0,0
2026-05-26T12:19:40,6,5,99,meta,3,150.4456,0.35,1,6,0,0
2026-05-26T12:19:41,6,5,99,meta,4,151.0035,0.34,1,6,0,0
2026-05-26T12:20:06,6,5,123,milp,OPTIMAL,227.3965,227.3965,0.0,5.18,1390,141820,265923,135860,135860,vi_all
2026-05-26T12:20:06,6,5,123,meta,0,227.3965,0.5,1,5,0,1
2026-05-26T12:20:07,6,5,123,meta,1,227.5383,0.46,1,5,0,1
2026-05-26T12:20:07,6,5,123,meta,2,227.5383,0.49,1,5,0,1
2026-05-26T12:20:08,6,5,123,meta,3,227.6074,0.48,1,5,0,1
2026-05-26T12:20:08,6,5,123,meta,4,227.3965,0.45,1,5,0,1
2026-05-26T12:20:30,7,2,42,milp,OPTIMAL,228.2792,228.2792,0.0,3.72,26,131680,237059,126880,126880,vi_all
2026-05-26T12:20:30,7,2,42,meta,0,265.8631,0.47,2,7,0,0
2026-05-26T12:20:31,7,2,42,meta,1,228.2792,0.44,1,5,1,0
2026-05-26T12:20:31,7,2,42,meta,2,228.3587,0.44,1,7,0,0
2026-05-26T12:20:32,7,2,42,meta,3,243.8188,0.45,2,5,1,0
2026-05-26T12:20:32,7,2,42,meta,4,228.619,0.44,1,7,0,0
2026-05-26T12:21:01,7,2,99,milp,OPTIMAL,154.3828,154.3828,0.0,11.26,664,131680,240699,126880,126880,vi_all
2026-05-26T12:21:02,7,2,99,meta,0,171.2323,0.56,2,7,0,0
2026-05-26T12:21:02,7,2,99,meta,1,154.3828,0.54,1,7,0,0
2026-05-26T12:21:03,7,2,99,meta,2,199.7848,0.58,2,7,0,0
2026-05-26T12:21:03,7,2,99,meta,3,199.7848,0.56,2,7,0,0
2026-05-26T12:21:04,7,2,99,meta,4,171.9125,0.54,2,7,0,0
2026-05-26T12:21:25,7,2,123,milp,OPTIMAL,215.0923,215.0923,0.0,3.72,194,131680,237339,126880,126880,vi_all
2026-05-26T12:21:26,7,2,123,meta,0,215.3634,0.67,1,5,0,2
2026-05-26T12:21:27,7,2,123,meta,1,215.0923,0.68,1,6,0,1
2026-05-26T12:21:27,7,2,123,meta,2,215.0923,0.67,1,6,0,1
2026-05-26T12:21:28,7,2,123,meta,3,219.58,0.66,1,7,0,0
2026-05-26T12:21:29,7,2,123,meta,4,215.0923,0.66,1,6,0,1
2026-05-26T12:21:56,7,3,42,milp,OPTIMAL,221.4382,221.4382,0.0,4.82,1,158400,290861,152820,152820,vi_all
2026-05-26T12:21:57,7,3,42,meta,0,222.289,0.48,1,7,0,0
2026-05-26T12:21:57,7,3,42,meta,1,222.289,0.45,1,7,0,0
2026-05-26T12:21:58,7,3,42,meta,2,222.289,0.48,1,7,0,0
2026-05-26T12:21:58,7,3,42,meta,3,221.4382,0.45,1,4,1,1
2026-05-26T12:21:58,7,3,42,meta,4,221.4382,0.48,1,4,1,1
2026-05-26T12:22:32,7,3,99,milp,OPTIMAL,155.8551,155.8551,0.0,11.6,287,158400,294081,152820,152820,vi_all
2026-05-26T12:22:33,7,3,99,meta,0,155.8551,0.56,1,7,0,0
2026-05-26T12:22:34,7,3,99,meta,1,155.8551,0.5,1,7,0,0
2026-05-26T12:22:34,7,3,99,meta,2,155.8551,0.5,1,7,0,0
2026-05-26T12:22:35,7,3,99,meta,3,198.3055,0.44,2,7,0,0
2026-05-26T12:22:35,7,3,99,meta,4,155.8551,0.5,1,7,0,0
2026-05-26T12:23:03,7,3,123,milp,OPTIMAL,219.1155,219.1155,0.0,5.09,533,158400,290721,152820,152820,vi_all
2026-05-26T12:23:03,7,3,123,meta,0,267.6189,0.58,2,5,0,2
2026-05-26T12:23:04,7,3,123,meta,1,222.9694,0.61,1,6,0,1
2026-05-26T12:23:04,7,3,123,meta,2,267.6189,0.58,2,5,0,2
2026-05-26T12:23:05,7,3,123,meta,3,269.2416,0.6,2,5,0,2
2026-05-26T12:23:06,7,3,123,meta,4,270.6953,0.58,2,5,0,2
2026-05-26T12:23:47,7,5,42,milp,OPTIMAL,124.1267,124.1267,0.0,7.33,246,217840,409905,210700,210700,vi_all
2026-05-26T12:23:47,7,5,42,meta,0,124.9697,0.6,1,6,0,1
2026-05-26T12:23:48,7,5,42,meta,1,135.5057,0.52,1,6,0,1
2026-05-26T12:23:48,7,5,42,meta,2,133.1966,0.55,2,6,0,1
2026-05-26T12:23:49,7,5,42,meta,3,124.2724,0.53,1,4,1,1
2026-05-26T12:23:49,7,5,42,meta,4,124.1267,0.53,1,6,0,1
2026-05-26T12:24:41,7,5,99,milp,OPTIMAL,142.741,142.741,0.0,17.75,227,217840,413265,210700,210700,vi_all
2026-05-26T12:24:42,7,5,99,meta,0,142.741,0.72,1,4,1,1
2026-05-26T12:24:43,7,5,99,meta,1,142.741,0.68,1,4,1,1
2026-05-26T12:24:43,7,5,99,meta,2,142.741,0.73,1,4,1,1
2026-05-26T12:24:44,7,5,99,meta,3,144.0504,0.68,1,2,2,2
2026-05-26T12:24:45,7,5,99,meta,4,143.6748,0.56,1,4,1,1
2026-05-26T12:25:34,7,5,123,milp,OPTIMAL,217.3005,217.3005,0.0,14.02,2632,217840,409625,210700,210700,vi_all
2026-05-26T12:25:35,7,5,123,meta,0,217.3005,0.94,1,6,0,1
2026-05-26T12:25:36,7,5,123,meta,1,217.9094,0.91,1,5,0,2
2026-05-26T12:25:37,7,5,123,meta,2,217.3005,0.96,1,6,0,1
2026-05-26T12:25:38,7,5,123,meta,3,218.3355,0.91,1,5,0,2
2026-05-26T12:25:38,7,5,123,meta,4,217.3005,0.93,1,6,0,1
2026-05-26T12:28:05,5,2,42,milp,OPTIMAL,225.4683,225.4683,0.0,0.85,1,48240,85595,45120,45120,vi_all
2026-05-26T12:28:05,5,2,42,meta,0,225.4683,0.29,1,3,1,0
2026-05-26T12:28:05,5,2,42,meta,1,225.4683,0.27,1,3,1,0
2026-05-26T12:28:06,5,2,42,meta,2,225.9053,0.29,1,5,0,0
2026-05-26T12:28:06,5,2,42,meta,3,225.4683,0.28,1,3,1,0
2026-05-26T12:28:06,5,2,42,meta,4,225.4683,0.28,1,3,1,0
2026-05-26T12:28:18,5,2,99,milp,OPTIMAL,190.8803,190.8803,0.0,6.95,1,48240,87795,45120,45120,vi_all
2026-05-26T12:28:18,5,2,99,meta,0,190.8803,0.26,1,5,0,0
2026-05-26T12:28:19,5,2,99,meta,1,190.8803,0.24,1,5,0,0
2026-05-26T12:28:19,5,2,99,meta,2,190.8803,0.25,1,5,0,0
2026-05-26T12:28:19,5,2,99,meta,3,190.8803,0.28,1,5,0,0
2026-05-26T12:28:19,5,2,99,meta,4,190.8803,0.24,1,5,0,0
2026-05-26T12:28:25,5,2,123,milp,OPTIMAL,145.9055,145.9055,0.0,0.89,1,48240,85195,45120,45120,vi_all
2026-05-26T12:28:26,5,2,123,meta,0,145.9055,0.26,1,5,0,0
2026-05-26T12:28:26,5,2,123,meta,1,145.9055,0.26,1,5,0,0
2026-05-26T12:28:26,5,2,123,meta,2,145.9055,0.25,1,5,0,0
2026-05-26T12:28:26,5,2,123,meta,3,145.9055,0.25,1,5,0,0
2026-05-26T12:28:27,5,2,123,meta,4,145.9055,0.26,1,5,0,0
2026-05-26T12:28:34,5,3,42,milp,OPTIMAL,223.4151,223.4151,0.0,0.79,1,60200,109417,56500,56500,vi_all
2026-05-26T12:28:35,5,3,42,meta,0,223.4151,0.26,1,5,0,0
2026-05-26T12:28:35,5,3,42,meta,1,223.4151,0.26,1,5,0,0
2026-05-26T12:28:35,5,3,42,meta,2,223.4151,0.28,1,5,0,0
2026-05-26T12:28:35,5,3,42,meta,3,223.4151,0.26,1,5,0,0
2026-05-26T12:28:36,5,3,42,meta,4,223.4151,0.26,1,5,0,0
2026-05-26T12:28:48,5,3,99,milp,OPTIMAL,190.3249,190.3249,0.0,5.71,1,60200,111617,56500,56500,vi_all
2026-05-26T12:28:48,5,3,99,meta,0,190.3249,0.26,1,3,1,0
2026-05-26T12:28:49,5,3,99,meta,1,190.3249,0.24,1,3,1,0
2026-05-26T12:28:49,5,3,99,meta,2,190.3249,0.25,1,3,1,0
2026-05-26T12:28:49,5,3,99,meta,3,190.3249,0.25,1,3,1,0
2026-05-26T12:28:49,5,3,99,meta,4,190.3249,0.25,1,3,1,0
2026-05-26T12:28:57,5,3,123,milp,OPTIMAL,145.3624,145.3624,0.0,0.94,1,60200,109017,56500,56500,vi_all
2026-05-26T12:28:57,5,3,123,meta,0,145.3624,0.3,1,5,0,0
2026-05-26T12:28:58,5,3,123,meta,1,145.3624,0.29,1,5,0,0
2026-05-26T12:28:58,5,3,123,meta,2,145.3624,0.29,1,5,0,0
2026-05-26T12:28:58,5,3,123,meta,3,145.3624,0.29,1,5,0,0
2026-05-26T12:28:59,5,3,123,meta,4,145.3624,0.29,1,5,0,0
2026-05-26T12:29:11,5,5,42,milp,OPTIMAL,162.6694,162.6694,0.0,2.02,1,87240,163601,82380,82380,vi_all
2026-05-26T12:29:12,5,5,42,meta,0,177.3695,0.29,2,4,0,1
2026-05-26T12:29:12,5,5,42,meta,1,162.6694,0.3,1,4,0,1
2026-05-26T12:29:12,5,5,42,meta,2,162.6694,0.3,1,4,0,1
2026-05-26T12:29:13,5,5,42,meta,3,165.2444,0.27,1,5,0,0
2026-05-26T12:29:13,5,5,42,meta,4,180.1557,0.29,2,4,0,1
2026-05-26T12:29:29,5,5,99,milp,OPTIMAL,144.9852,144.9852,0.0,5.1,237,87240,165501,82380,82380,vi_all
2026-05-26T12:29:29,5,5,99,meta,0,144.9852,0.3,1,5,0,0
2026-05-26T12:29:30,5,5,99,meta,1,144.9852,0.31,1,5,0,0
2026-05-26T12:29:30,5,5,99,meta,2,144.9852,0.32,1,5,0,0
2026-05-26T12:29:30,5,5,99,meta,3,144.9852,0.3,1,5,0,0
2026-05-26T12:29:30,5,5,99,meta,4,144.9852,0.3,1,5,0,0
2026-05-26T12:29:43,5,5,123,milp,OPTIMAL,176.2653,176.2653,0.0,1.72,1,87240,163201,82380,82380,vi_all
2026-05-26T12:29:43,5,5,123,meta,0,176.2653,0.27,1,4,0,1
2026-05-26T12:29:44,5,5,123,meta,1,177.7907,0.28,1,4,0,1
2026-05-26T12:29:44,5,5,123,meta,2,176.2653,0.26,1,4,0,1
2026-05-26T12:29:44,5,5,123,meta,3,176.2653,0.3,1,4,0,1
2026-05-26T12:29:44,5,5,123,meta,4,190.7295,0.27,2,4,0,1
2026-05-26T12:29:56,6,2,42,milp,OPTIMAL,222.99,222.99,0.0,1.63,1,82240,146997,78320,78320,vi_all
2026-05-26T12:29:56,6,2,42,meta,0,273.2342,0.35,2,6,0,0
2026-05-26T12:29:56,6,2,42,meta,1,241.6881,0.33,2,6,0,0
2026-05-26T12:29:57,6,2,42,meta,2,222.99,0.36,1,6,0,0
2026-05-26T12:29:57,6,2,42,meta,3,268.291,0.33,2,6,0,0
2026-05-26T12:29:57,6,2,42,meta,4,241.6881,0.33,2,6,0,0
2026-05-26T12:30:11,6,2,99,milp,OPTIMAL,201.3907,201.3907,0.0,4.13,34,82240,149637,78320,78320,vi_all
2026-05-26T12:30:12,6,2,99,meta,0,201.3907,0.41,1,6,0,0
2026-05-26T12:30:12,6,2,99,meta,1,201.3907,0.34,1,6,0,0
2026-05-26T12:30:12,6,2,99,meta,2,201.3907,0.34,1,6,0,0
2026-05-26T12:30:13,6,2,99,meta,3,201.796,0.34,1,6,0,0
2026-05-26T12:30:13,6,2,99,meta,4,201.3907,0.34,1,6,0,0
2026-05-26T12:30:24,6,2,123,milp,OPTIMAL,179.8367,179.8367,0.0,1.56,1,82240,146517,78320,78320,vi_all
2026-05-26T12:30:25,6,2,123,meta,0,189.6918,0.32,2,6,0,0
2026-05-26T12:30:25,6,2,123,meta,1,221.0428,0.34,2,6,0,0
2026-05-26T12:30:25,6,2,123,meta,2,179.8367,0.33,1,6,0,0
2026-05-26T12:30:26,6,2,123,meta,3,179.8367,0.33,1,6,0,0
2026-05-26T12:30:26,6,2,123,meta,4,224.1741,0.31,2,5,0,1
2026-05-26T12:30:41,6,3,42,milp,OPTIMAL,182.5196,182.5196,0.0,2.1,42,100620,183679,96020,96020,vi_all
2026-05-26T12:30:41,6,3,42,meta,0,182.5196,0.41,1,6,0,0
2026-05-26T12:30:42,6,3,42,meta,1,182.5196,0.41,1,6,0,0
2026-05-26T12:30:42,6,3,42,meta,2,200.9418,0.38,2,6,0,0
2026-05-26T12:30:42,6,3,42,meta,3,182.5196,0.39,1,6,0,0
2026-05-26T12:30:43,6,3,42,meta,4,182.5196,0.37,1,6,0,0
2026-05-26T12:31:02,6,3,99,milp,OPTIMAL,150.3607,150.3607,0.0,6.42,849,100620,186439,96020,96020,vi_all
2026-05-26T12:31:02,6,3,99,meta,0,151.0615,0.4,1,6,0,0
2026-05-26T12:31:03,6,3,99,meta,1,150.3607,0.37,1,6,0,0
2026-05-26T12:31:03,6,3,99,meta,2,150.3607,0.42,1,6,0,0
2026-05-26T12:31:03,6,3,99,meta,3,150.3607,0.4,1,6,0,0
2026-05-26T12:31:04,6,3,99,meta,4,150.3607,0.4,1,6,0,0
2026-05-26T12:31:19,6,3,123,milp,OPTIMAL,220.6826,220.6826,0.0,2.35,74,100620,183559,96020,96020,vi_all
2026-05-26T12:31:19,6,3,123,meta,0,220.6826,0.4,1,5,0,1
2026-05-26T12:31:20,6,3,123,meta,1,263.117,0.42,2,6,0,0
2026-05-26T12:31:20,6,3,123,meta,2,233.0913,0.37,2,6,0,0
2026-05-26T12:31:21,6,3,123,meta,3,220.6826,0.4,1,5,0,1
2026-05-26T12:31:21,6,3,123,meta,4,232.5544,0.39,2,5,0,1
2026-05-26T12:31:45,6,5,42,milp,OPTIMAL,221.4844,221.4844,0.0,4.67,96,141820,266523,135860,135860,vi_all
2026-05-26T12:31:46,6,5,42,meta,0,221.4844,0.39,1,4,1,0
2026-05-26T12:31:46,6,5,42,meta,1,222.1818,0.37,1,6,0,0
2026-05-26T12:31:46,6,5,42,meta,2,221.4844,0.37,1,4,1,0
2026-05-26T12:31:47,6,5,42,meta,3,221.4844,0.39,1,4,1,0
2026-05-26T12:31:47,6,5,42,meta,4,222.1818,0.41,1,6,0,0
2026-05-26T12:32:20,6,5,99,milp,OPTIMAL,150.4456,150.4456,0.0,13.22,1227,141820,268923,135860,135860,vi_all
2026-05-26T12:32:21,6,5,99,meta,0,150.4456,0.39,1,6,0,0
2026-05-26T12:32:21,6,5,99,meta,1,150.4456,0.35,1,6,0,0
2026-05-26T12:32:21,6,5,99,meta,2,151.0035,0.35,1,6,0,0
2026-05-26T12:32:22,6,5,99,meta,3,150.4456,0.34,1,6,0,0
2026-05-26T12:32:22,6,5,99,meta,4,151.0035,0.34,1,6,0,0
2026-05-26T12:32:47,6,5,123,milp,OPTIMAL,227.3965,227.3965,0.0,5.16,1390,141820,265923,135860,135860,vi_all
2026-05-26T12:32:48,6,5,123,meta,0,227.3965,0.5,1,5,0,1
2026-05-26T12:32:48,6,5,123,meta,1,227.5383,0.46,1,5,0,1
2026-05-26T12:32:49,6,5,123,meta,2,227.5383,0.49,1,5,0,1
2026-05-26T12:32:49,6,5,123,meta,3,227.6074,0.48,1,5,0,1
2026-05-26T12:32:50,6,5,123,meta,4,227.3965,0.45,1,5,0,1
2026-05-26T12:33:11,7,2,42,milp,OPTIMAL,228.2792,228.2792,0.0,3.78,26,131680,237059,126880,126880,vi_all
2026-05-26T12:33:11,7,2,42,meta,0,265.8631,0.44,2,7,0,0
2026-05-26T12:33:12,7,2,42,meta,1,228.2792,0.43,1,5,1,0
2026-05-26T12:33:12,7,2,42,meta,2,228.3587,0.43,1,7,0,0
2026-05-26T12:33:13,7,2,42,meta,3,243.8188,0.44,2,5,1,0
2026-05-26T12:33:13,7,2,42,meta,4,228.619,0.43,1,7,0,0
2026-05-26T12:33:42,7,2,99,milp,OPTIMAL,154.3828,154.3828,0.0,11.18,664,131680,240699,126880,126880,vi_all
2026-05-26T12:33:42,7,2,99,meta,0,171.2323,0.57,2,7,0,0
2026-05-26T12:33:43,7,2,99,meta,1,154.3828,0.54,1,7,0,0
2026-05-26T12:33:43,7,2,99,meta,2,199.7848,0.57,2,7,0,0
2026-05-26T12:33:44,7,2,99,meta,3,199.7848,0.55,2,7,0,0
2026-05-26T12:33:45,7,2,99,meta,4,171.9125,0.52,2,7,0,0
2026-05-26T12:34:06,7,2,123,milp,OPTIMAL,215.0923,215.0923,0.0,3.71,194,131680,237339,126880,126880,vi_all
2026-05-26T12:34:06,7,2,123,meta,0,215.3634,0.67,1,5,0,2
2026-05-26T12:34:07,7,2,123,meta,1,215.0923,0.69,1,6,0,1
2026-05-26T12:34:08,7,2,123,meta,2,215.0923,0.67,1,6,0,1
2026-05-26T12:34:08,7,2,123,meta,3,219.58,0.62,1,7,0,0
2026-05-26T12:34:09,7,2,123,meta,4,215.0923,0.67,1,6,0,1
2026-05-26T12:34:37,7,3,42,milp,OPTIMAL,221.4382,221.4382,0.0,4.78,1,158400,290861,152820,152820,vi_all
2026-05-26T12:34:37,7,3,42,meta,0,222.289,0.49,1,7,0,0
2026-05-26T12:34:38,7,3,42,meta,1,222.289,0.45,1,7,0,0
2026-05-26T12:34:38,7,3,42,meta,2,222.289,0.47,1,7,0,0
2026-05-26T12:34:38,7,3,42,meta,3,221.4382,0.44,1,4,1,1
2026-05-26T12:34:39,7,3,42,meta,4,221.4382,0.46,1,4,1,1
2026-05-26T12:35:13,7,3,99,milp,OPTIMAL,155.8551,155.8551,0.0,11.25,287,158400,294081,152820,152820,vi_all
2026-05-26T12:35:13,7,3,99,meta,0,155.8551,0.56,1,7,0,0
2026-05-26T12:35:14,7,3,99,meta,1,155.8551,0.49,1,7,0,0
2026-05-26T12:35:14,7,3,99,meta,2,155.8551,0.49,1,7,0,0
2026-05-26T12:35:15,7,3,99,meta,3,198.3055,0.44,2,7,0,0
2026-05-26T12:35:15,7,3,99,meta,4,155.8551,0.5,1,7,0,0
2026-05-26T12:35:43,7,3,123,milp,OPTIMAL,219.1155,219.1155,0.0,5.05,533,158400,290721,152820,152820,vi_all
2026-05-26T12:35:43,7,3,123,meta,0,267.6189,0.59,2,5,0,2
2026-05-26T12:35:44,7,3,123,meta,1,222.9694,0.6,1,6,0,1
2026-05-26T12:35:44,7,3,123,meta,2,267.6189,0.57,2,5,0,2
2026-05-26T12:35:45,7,3,123,meta,3,269.2416,0.6,2,5,0,2
2026-05-26T12:35:45,7,3,123,meta,4,270.6953,0.57,2,5,0,2
2026-05-26T12:36:27,7,5,42,milp,OPTIMAL,124.1267,124.1267,0.0,7.4,246,217840,409905,210700,210700,vi_all
2026-05-26T12:36:27,7,5,42,meta,0,124.9697,0.59,1,6,0,1
2026-05-26T12:36:28,7,5,42,meta,1,135.5057,0.51,1,6,0,1
2026-05-26T12:36:28,7,5,42,meta,2,133.1966,0.54,2,6,0,1
2026-05-26T12:36:29,7,5,42,meta,3,124.2724,0.53,1,4,1,1
2026-05-26T12:36:29,7,5,42,meta,4,124.1267,0.51,1,6,0,1
2026-05-26T12:37:21,7,5,99,milp,OPTIMAL,142.741,142.741,0.0,17.78,227,217840,413265,210700,210700,vi_all
2026-05-26T12:37:22,7,5,99,meta,0,142.741,0.71,1,4,1,1
2026-05-26T12:37:23,7,5,99,meta,1,142.741,0.67,1,4,1,1
2026-05-26T12:37:23,7,5,99,meta,2,142.741,0.72,1,4,1,1
2026-05-26T12:37:24,7,5,99,meta,3,144.0504,0.67,1,2,2,2
2026-05-26T12:37:25,7,5,99,meta,4,143.6748,0.56,1,4,1,1
2026-05-26T12:38:12,7,5,123,milp,OPTIMAL,217.3005,217.3005,0.0,13.62,2632,217840,409625,210700,210700,vi_all
2026-05-26T12:38:13,7,5,123,meta,0,217.3005,0.91,1,6,0,1
2026-05-26T12:38:14,7,5,123,meta,1,217.9094,0.93,1,5,0,2
2026-05-26T12:38:15,7,5,123,meta,2,217.3005,0.95,1,6,0,1
2026-05-26T12:38:16,7,5,123,meta,3,218.3355,0.9,1,5,0,2
2026-05-26T12:38:17,7,5,123,meta,4,217.3005,0.9,1,6,0,1
2026-05-26T12:38:54,8,2,42,milp,OPTIMAL,225.6966,225.6966,0.0,7.01,302,200640,363801,194880,194880,vi_all
2026-05-26T12:38:54,8,2,42,meta,0,226.394,0.58,1,8,0,0
2026-05-26T12:38:55,8,2,42,meta,1,225.6966,0.59,1,6,1,0
2026-05-26T12:38:55,8,2,42,meta,2,225.6966,0.6,1,6,1,0
2026-05-26T12:38:56,8,2,42,meta,3,226.394,0.58,1,8,0,0
2026-05-26T12:38:57,8,2,42,meta,4,225.6966,0.57,1,6,1,0
2026-05-26T12:40:38,8,2,99,milp,OPTIMAL,152.981,152.981,0.0,71.27,6023,200640,367801,194880,194880,vi_all
2026-05-26T12:40:39,8,2,99,meta,0,152.981,0.88,1,6,1,0
2026-05-26T12:40:40,8,2,99,meta,1,153.1889,0.87,1,8,0,0
2026-05-26T12:40:41,8,2,99,meta,2,152.981,0.87,1,6,1,0
2026-05-26T12:40:41,8,2,99,meta,3,153.1889,0.81,1,8,0,0
2026-05-26T12:40:42,8,2,99,meta,4,152.981,0.82,1,6,1,0
2026-05-26T12:41:20,8,2,123,milp,OPTIMAL,228.1166,228.1166,0.0,7.33,1133,200640,363801,194880,194880,vi_all
2026-05-26T12:41:22,8,2,123,meta,0,281.6071,1.91,2,8,0,0
2026-05-26T12:41:23,8,2,123,meta,1,240.1095,1.92,1,8,0,0
2026-05-26T12:41:25,8,2,123,meta,2,228.4002,1.99,1,7,0,1
2026-05-26T12:41:27,8,2,123,meta,3,281.0517,1.91,2,6,1,0
2026-05-26T12:41:29,8,2,123,meta,4,359.9372,1.91,2,6,1,0
2026-05-26T12:42:18,8,3,42,milp,OPTIMAL,128.5941,128.5941,0.0,11.19,2485,237860,438523,231220,231220,vi_all
2026-05-26T12:42:19,8,3,42,meta,0,129.5198,1.11,1,6,0,2
2026-05-26T12:42:20,8,3,42,meta,1,161.9231,1.08,2,6,0,2
2026-05-26T12:42:21,8,3,42,meta,2,173.929,1.04,2,4,1,2
2026-05-26T12:42:22,8,3,42,meta,3,164.9479,1.08,2,6,0,2
2026-05-26T12:42:23,8,3,42,meta,4,128.9332,1.06,1,6,0,2
2026-05-26T12:43:18,8,3,99,milp,OPTIMAL,141.5806,141.5806,0.0,17.18,1,237860,442523,231220,231220,vi_all
2026-05-26T12:43:19,8,3,99,meta,0,142.4105,0.68,1,8,0,0
2026-05-26T12:43:20,8,3,99,meta,1,141.5806,0.78,1,6,1,0
2026-05-26T12:43:20,8,3,99,meta,2,141.5806,0.7,1,6,1,0
2026-05-26T12:43:21,8,3,99,meta,3,141.5806,0.68,1,6,1,0
2026-05-26T12:43:22,8,3,99,meta,4,141.5806,0.72,1,6,1,0
2026-05-26T12:44:11,8,3,123,milp,OPTIMAL,215.1972,215.1972,0.0,12.22,333,237860,438363,231220,231220,vi_all
2026-05-26T12:44:12,8,3,123,meta,0,275.9774,0.73,2,7,0,1
2026-05-26T12:44:13,8,3,123,meta,1,215.1972,0.81,1,7,0,1
2026-05-26T12:44:14,8,3,123,meta,2,267.4546,0.77,2,7,0,1
2026-05-26T12:44:14,8,3,123,meta,3,275.9774,0.78,2,7,0,1
2026-05-26T12:44:15,8,3,123,meta,4,215.1972,0.78,1,7,0,1
2026-05-26T12:45:24,8,5,42,milp,OPTIMAL,199.2142,199.2142,0.0,13.04,915,320100,602927,311700,311700,vi_all
2026-05-26T12:45:25,8,5,42,meta,0,208.5295,0.69,2,7,0,1
2026-05-26T12:45:25,8,5,42,meta,1,199.2142,0.72,1,7,0,1
2026-05-26T12:45:26,8,5,42,meta,2,199.4428,0.69,1,7,0,1
2026-05-26T12:45:27,8,5,42,meta,3,199.2142,0.69,1,7,0,1
2026-05-26T12:45:27,8,5,42,meta,4,208.3564,0.68,2,5,1,1
2026-05-26T12:47:40,8,5,99,milp,OPTIMAL,217.5498,217.5498,0.0,77.39,769,320100,610127,311700,311700,vi_all
2026-05-26T12:47:42,8,5,99,meta,0,217.847,1.22,1,4,1,2
2026-05-26T12:47:43,8,5,99,meta,1,217.5498,1.08,1,4,1,2
2026-05-26T12:47:44,8,5,99,meta,2,217.5498,1.19,1,4,1,2
2026-05-26T12:47:45,8,5,99,meta,3,217.5498,1.22,1,4,1,2
2026-05-26T12:47:46,8,5,99,meta,4,217.5498,1.27,1,4,1,2
2026-05-26T12:48:58,8,5,123,milp,OPTIMAL,197.5632,197.5632,0.0,15.61,364,320100,603087,311700,311700,vi_all
2026-05-26T12:48:59,8,5,123,meta,0,212.2451,0.76,2,6,0,2
2026-05-26T12:49:00,8,5,123,meta,1,221.0209,0.7,2,7,0,1
2026-05-26T12:49:00,8,5,123,meta,2,197.5632,0.79,1,6,0,2
2026-05-26T12:49:01,8,5,123,meta,3,241.4013,0.73,2,6,0,2
2026-05-26T12:49:02,8,5,123,meta,4,263.9828,0.7,2,7,0,1
2026-05-26T12:50:02,9,2,42,milp,OPTIMAL,166.7404,166.7404,0.0,11.1,538,293680,535563,286880,286880,vi_all
2026-05-26T12:50:03,9,2,42,meta,0,221.438,0.89,2,8,0,1
2026-05-26T12:50:03,9,2,42,meta,1,166.7404,0.79,1,8,0,1
2026-05-26T12:50:04,9,2,42,meta,2,217.4078,0.78,2,8,0,1
2026-05-26T12:50:05,9,2,42,meta,3,166.7404,0.89,1,8,0,1
2026-05-26T12:50:06,9,2,42,meta,4,206.4681,0.82,2,8,0,1
2026-05-26T12:54:18,9,2,99,milp,OPTIMAL,227.7007,227.7007,0.0,202.93,14196,293680,540243,286880,286880,vi_all
2026-05-26T12:54:18,9,2,99,meta,0,227.841,0.9,1,7,1,0
2026-05-26T12:54:19,9,2,99,meta,1,285.92,0.84,2,9,0,0
2026-05-26T12:54:20,9,2,99,meta,2,287.4501,0.82,2,7,1,0
2026-05-26T12:54:21,9,2,99,meta,3,350.3885,0.86,2,7,1,0
2026-05-26T12:54:22,9,2,99,meta,4,250.4122,0.83,2,9,0,0
2026-05-26T12:55:44,9,2,123,milp,OPTIMAL,219.6909,219.6909,0.0,33.51,4182,293680,536103,286880,286880,vi_all
2026-05-26T12:55:45,9,2,123,meta,0,281.1625,0.97,2,9,0,0
2026-05-26T12:55:46,9,2,123,meta,1,219.9481,1.02,1,7,1,0
2026-05-26T12:55:47,9,2,123,meta,2,219.9481,1.07,1,7,1,0
2026-05-26T12:55:48,9,2,123,meta,3,283.864,1.06,2,7,1,0
2026-05-26T12:55:49,9,2,123,meta,4,219.6909,1.01,1,7,1,0
2026-05-26T12:57:05,9,3,42,milp,OPTIMAL,204.0337,204.0337,0.0,15.76,1891,343800,635785,336020,336020,vi_all
2026-05-26T12:57:06,9,3,42,meta,0,258.6684,1.17,2,8,0,1
2026-05-26T12:57:07,9,3,42,meta,1,238.9547,1.11,2,9,0,0
2026-05-26T12:57:09,9,3,42,meta,2,258.6684,1.16,2,8,0,1
2026-05-26T12:57:10,9,3,42,meta,3,261.6474,1.19,2,8,0,1
2026-05-26T12:57:11,9,3,42,meta,4,204.0337,1.22,1,8,0,1
2026-05-26T13:06:25,9,3,99,milp,OPTIMAL,225.2443,225.2443,0.0,493.18,24613,343800,640645,336020,336020,vi_all
2026-05-26T13:06:26,9,3,99,meta,0,225.2443,1.52,1,8,0,1
2026-05-26T13:06:27,9,3,99,meta,1,256.3518,1.32,2,9,0,0
2026-05-26T13:06:29,9,3,99,meta,2,225.2443,1.37,1,8,0,1
2026-05-26T13:06:30,9,3,99,meta,3,225.9175,1.51,1,8,0,1
2026-05-26T13:06:32,9,3,99,meta,4,225.9175,1.51,1,8,0,1
2026-05-26T13:07:55,9,3,123,milp,OPTIMAL,218.786,218.786,0.0,21.89,1265,343800,636325,336020,336020,vi_all
2026-05-26T13:07:56,9,3,123,meta,0,230.0528,0.83,1,7,1,0
2026-05-26T13:07:57,9,3,123,meta,1,280.9062,0.76,2,6,1,1
2026-05-26T13:07:57,9,3,123,meta,2,218.8982,0.84,1,8,0,1
2026-05-26T13:07:58,9,3,123,meta,3,218.786,0.81,1,6,1,1
2026-05-26T13:07:59,9,3,123,meta,4,237.0736,0.8,2,6,1,1
2026-05-26T13:09:48,9,5,42,milp,OPTIMAL,200.7331,200.7331,0.0,21.57,768,453880,856269,444140,444140,vi_all
2026-05-26T13:09:49,9,5,42,meta,0,273.8079,1.06,2,7,0,2
2026-05-26T13:09:50,9,5,42,meta,1,275.2347,1.14,2,8,0,1
2026-05-26T13:09:52,9,5,42,meta,2,200.7331,1.16,1,7,0,2
2026-05-26T13:09:53,9,5,42,meta,3,200.7331,1.2,1,7,0,2
2026-05-26T13:09:54,9,5,42,meta,4,262.1212,1.11,2,8,0,1
2026-05-26T13:36:06,9,5,99,milp,OPTIMAL,177.9145,177.9145,0.0,1480.81,138306,453880,868869,444140,444140,vi_all
2026-05-26T13:36:07,9,5,99,meta,0,177.9145,1.41,1,7,0,2
2026-05-26T13:36:08,9,5,99,meta,1,177.9145,1.4,1,7,0,2
2026-05-26T13:36:10,9,5,99,meta,2,177.9145,1.39,1,7,0,2
2026-05-26T13:36:12,9,5,99,meta,3,177.9145,1.66,1,7,0,2
2026-05-26T13:36:13,9,5,99,meta,4,178.0139,1.49,1,7,0,2
2026-05-26T13:38:05,9,5,123,milp,OPTIMAL,210.7106,210.7106,0.0,23.89,765,453880,856809,444140,444140,vi_all
2026-05-26T13:38:06,9,5,123,meta,0,216.7537,0.92,1,9,0,0
2026-05-26T13:38:07,9,5,123,meta,1,283.4016,0.82,2,9,0,0
2026-05-26T13:38:07,9,5,123,meta,2,330.7975,0.84,2,9,0,0
2026-05-26T13:38:08,9,5,123,meta,3,287.1741,0.8,2,9,0,0
2026-05-26T13:38:09,9,5,123,meta,4,237.6045,0.93,2,9,0,0
