timestamp,instance_label,n_customers,n_stations,inst_seed,meta_seed,phase_I_cost,iteration,current_cost,incumbent_cost,elapsed_s,improved_by
2026-05-23T17:45:25,small,8,2,42,42,59.39886696909221,0,47.70370853565837,47.70370853565837,0.021,III
2026-05-23T17:45:25,small,8,2,42,42,59.39886696909221,1,42.807875881049725,42.807875881049725,0.321,III
2026-05-23T17:45:25,small,8,2,42,42,59.39886696909221,2,69.81480103764761,42.807875881049725,0.323,
2026-05-23T17:45:25,small,8,2,42,42,59.39886696909221,3,69.81480103764761,42.807875881049725,0.325,
2026-05-23T17:45:25,small,8,2,42,42,59.39886696909221,4,42.807875881049725,42.807875881049725,0.341,
2026-05-23T17:45:25,small,8,2,42,42,59.39886696909221,5,65.92306967708593,42.807875881049725,0.343,
2026-05-23T17:45:25,small,8,2,42,42,59.39886696909221,6,65.92306967708593,42.807875881049725,0.344,
2026-05-23T17:45:25,small,8,2,42,42,59.39886696909221,7,59.80449523161565,42.807875881049725,0.346,
2026-05-23T17:45:25,small,8,2,42,42,59.39886696909221,8,74.2778673614632,42.807875881049725,0.348,
2026-05-23T17:45:25,small,8,2,42,42,59.39886696909221,9,74.2778673614632,42.807875881049725,0.349,
2026-05-23T17:45:25,small,8,2,42,42,59.39886696909221,10,47.1770133605192,42.807875881049725,0.405,
2026-05-23T17:45:25,small,8,2,42,42,59.39886696909221,11,45.84556974775463,42.807875881049725,0.413,
2026-05-23T17:45:25,small,8,2,42,42,59.39886696909221,12,52.09367859548466,42.807875881049725,0.444,
2026-05-23T17:45:25,small,8,2,42,42,59.39886696909221,13,49.35707179646171,42.807875881049725,0.451,
2026-05-23T17:45:25,small,8,2,42,42,59.39886696909221,14,45.84556974775463,42.807875881049725,0.453,
2026-05-23T17:45:25,small,8,2,42,42,59.39886696909221,15,50.91392197125559,42.807875881049725,0.467,
2026-05-23T17:45:25,small,8,2,42,42,59.39886696909221,16,50.91392197125559,42.807875881049725,0.469,
2026-05-23T17:45:25,small,8,2,42,42,59.39886696909221,17,71.29564472955863,42.807875881049725,0.479,
2026-05-23T17:45:25,small,8,2,42,42,59.39886696909221,18,65.74711924510756,42.807875881049725,0.48,
2026-05-23T17:45:25,small,8,2,42,42,59.39886696909221,19,44.28871957296075,42.807875881049725,0.493,
2026-05-23T17:45:25,small,8,2,42,42,59.39886696909221,20,74.62229160956115,42.807875881049725,0.548,
2026-05-23T17:45:25,small,8,2,42,42,59.39886696909221,21,59.5005752070367,42.807875881049725,0.564,
2026-05-23T17:45:25,small,8,2,42,42,59.39886696909221,22,76.16185503986367,42.807875881049725,0.567,
2026-05-23T17:45:25,small,8,2,42,42,59.39886696909221,23,83.86590437641487,42.807875881049725,0.57,
2026-05-23T17:45:25,small,8,2,42,42,59.39886696909221,24,55.49706322778816,42.807875881049725,0.617,
2026-05-23T17:45:25,small,8,2,42,42,59.39886696909221,25,76.16185503986367,42.807875881049725,0.619,
2026-05-23T17:45:25,small,8,2,42,42,59.39886696909221,26,86.63976127731806,42.807875881049725,0.621,
2026-05-23T17:45:25,small,8,2,42,42,59.39886696909221,27,86.63976127731806,42.807875881049725,0.624,
2026-05-23T17:45:25,small,8,2,42,42,59.39886696909221,28,69.74916385211344,42.807875881049725,0.663,
2026-05-23T17:45:25,small,8,2,42,42,59.39886696909221,29,53.65052877027854,42.807875881049725,0.705,
2026-05-23T17:45:25,small,8,2,42,42,59.39886696909221,30,69.74916385211344,42.807875881049725,0.748,
2026-05-23T17:45:25,small,8,2,42,42,59.39886696909221,31,63.829661651546225,42.807875881049725,0.78,
2026-05-23T17:45:25,small,8,2,42,42,59.39886696909221,32,53.65052877027854,42.807875881049725,0.783,
2026-05-23T17:45:25,small,8,2,42,42,59.39886696909221,33,49.14024248358388,42.807875881049725,0.794,
2026-05-23T17:45:25,small,8,2,42,42,59.39886696909221,34,49.14024248358388,42.807875881049725,0.796,
2026-05-23T17:45:25,small,8,2,42,42,59.39886696909221,35,53.65052877027854,42.807875881049725,0.799,
2026-05-23T17:45:25,small,8,2,42,42,59.39886696909221,36,51.380773901218554,42.807875881049725,0.801,
2026-05-23T17:45:25,small,8,2,42,42,59.39886696909221,37,45.54448268007267,42.807875881049725,0.813,
2026-05-23T17:45:25,small,8,2,42,42,59.39886696909221,38,47.50600540895138,42.807875881049725,0.884,
2026-05-23T17:45:25,small,8,2,42,42,59.39886696909221,39,63.223013965868404,42.807875881049725,0.886,
2026-05-23T17:45:25,small,8,2,42,42,59.39886696909221,40,47.50600540895138,42.807875881049725,0.945,
2026-05-23T17:45:25,small,8,2,42,42,59.39886696909221,41,54.67414843351345,42.807875881049725,0.947,
2026-05-23T17:45:26,small,8,2,42,99,59.39886696909221,0,54.27867565964509,54.27867565964509,0.006,II
2026-05-23T17:45:26,small,8,2,42,99,59.39886696909221,1,55.07218241195794,54.27867565964509,0.018,
2026-05-23T17:45:26,small,8,2,42,99,59.39886696909221,2,67.35901644484278,54.27867565964509,0.02,
2026-05-23T17:45:26,small,8,2,42,99,59.39886696909221,3,65.44273801248666,54.27867565964509,0.022,
2026-05-23T17:45:26,small,8,2,42,99,59.39886696909221,4,51.93984178885529,51.93984178885529,0.051,III
2026-05-23T17:45:26,small,8,2,42,99,59.39886696909221,5,54.25526310434505,51.93984178885529,0.054,
2026-05-23T17:45:26,small,8,2,42,99,59.39886696909221,6,61.73265902972789,51.93984178885529,0.06,
2026-05-23T17:45:26,small,8,2,42,99,59.39886696909221,7,42.807875881049725,42.807875881049725,0.39,III
2026-05-23T17:45:26,small,8,2,42,99,59.39886696909221,8,42.807875881049725,42.807875881049725,0.514,
2026-05-23T17:45:26,small,8,2,42,99,59.39886696909221,9,42.807875881049725,42.807875881049725,0.582,
2026-05-23T17:45:26,small,8,2,42,99,59.39886696909221,10,42.807875881049725,42.807875881049725,0.584,
2026-05-23T17:45:26,small,8,2,42,99,59.39886696909221,11,49.35707179646171,42.807875881049725,0.591,
2026-05-23T17:45:26,small,8,2,42,99,59.39886696909221,12,42.807875881049725,42.807875881049725,0.71,
2026-05-23T17:45:26,small,8,2,42,99,59.39886696909221,13,42.807875881049725,42.807875881049725,0.711,
2026-05-23T17:45:26,small,8,2,42,99,59.39886696909221,14,63.81010864724775,42.807875881049725,0.714,
2026-05-23T17:45:26,small,8,2,42,99,59.39886696909221,15,63.81010864724775,42.807875881049725,0.716,
2026-05-23T17:45:26,small,8,2,42,99,59.39886696909221,16,58.08022419458385,42.807875881049725,0.718,
2026-05-23T17:45:26,small,8,2,42,99,59.39886696909221,17,56.60260401852625,42.807875881049725,0.728,
2026-05-23T17:45:26,small,8,2,42,99,59.39886696909221,18,56.60260401852625,42.807875881049725,0.733,
2026-05-23T17:45:26,small,8,2,42,99,59.39886696909221,19,42.807875881049725,42.807875881049725,0.744,
2026-05-23T17:45:26,small,8,2,42,99,59.39886696909221,20,42.807875881049725,42.807875881049725,0.746,
2026-05-23T17:45:26,small,8,2,42,99,59.39886696909221,21,42.807875881049725,42.807875881049725,0.889,
2026-05-23T17:45:26,small,8,2,42,99,59.39886696909221,22,42.807875881049725,42.807875881049725,0.891,
2026-05-23T17:45:26,small,8,2,42,99,59.39886696909221,23,42.807875881049725,42.807875881049725,0.954,
2026-05-23T17:45:26,small,8,2,42,99,59.39886696909221,24,59.09657380603248,42.807875881049725,0.956,
2026-05-23T17:45:26,small,8,2,42,99,59.39886696909221,25,59.09657380603248,42.807875881049725,0.958,
2026-05-23T17:45:26,small,8,2,42,99,59.39886696909221,26,42.807875881049725,42.807875881049725,0.959,
2026-05-23T17:45:26,small,8,2,42,99,59.39886696909221,27,69.81480103764761,42.807875881049725,0.97,
2026-05-23T17:45:26,small,8,2,42,99,59.39886696909221,28,69.81480103764761,42.807875881049725,0.98,
2026-05-23T17:45:26,small,8,2,42,99,59.39886696909221,29,56.60260401852625,42.807875881049725,0.982,
2026-05-23T17:45:26,small,8,2,42,99,59.39886696909221,30,48.94786731237618,42.807875881049725,0.983,
2026-05-23T17:45:26,small,8,2,42,99,59.39886696909221,31,42.807875881049725,42.807875881049725,0.991,
2026-05-23T17:45:26,small,8,2,42,99,59.39886696909221,32,50.92869761145154,42.807875881049725,1.003,
2026-05-23T17:45:26,small,8,2,42,99,59.39886696909221,33,50.92869761145154,42.807875881049725,1.008,
2026-05-23T17:45:26,small,8,2,42,99,59.39886696909221,34,42.807875881049725,42.807875881049725,1.013,
2026-05-23T17:45:26,small,8,2,42,99,59.39886696909221,35,59.26405953941336,42.807875881049725,1.017,
2026-05-23T17:45:26,small,8,2,42,99,59.39886696909221,36,59.26405953941336,42.807875881049725,1.022,
2026-05-23T17:45:26,small,8,2,42,99,59.39886696909221,37,42.807875881049725,42.807875881049725,1.023,
2026-05-23T17:45:26,small,8,2,42,99,59.39886696909221,38,56.60260401852625,42.807875881049725,1.027,
2026-05-23T17:45:26,small,8,2,42,99,59.39886696909221,39,56.60260401852625,42.807875881049725,1.036,
2026-05-23T17:45:26,small,8,2,42,99,59.39886696909221,40,42.807875881049725,42.807875881049725,1.037,
2026-05-23T17:45:26,small,8,2,42,99,59.39886696909221,41,59.26405953941336,42.807875881049725,1.042,
2026-05-23T17:45:27,small,8,2,42,99,59.39886696909221,42,59.26405953941336,42.807875881049725,1.044,
2026-05-23T17:45:27,small,8,2,42,99,59.39886696909221,43,42.807875881049725,42.807875881049725,1.081,
2026-05-23T17:45:27,small,8,2,42,99,59.39886696909221,44,42.807875881049725,42.807875881049725,1.136,
2026-05-23T17:45:27,small,8,2,42,99,59.39886696909221,45,68.90775607532726,42.807875881049725,1.145,
2026-05-23T17:45:28,small,8,2,42,123,59.39886696909221,0,48.995783092765244,48.995783092765244,0.066,III
2026-05-23T17:45:28,small,8,2,42,123,59.39886696909221,1,74.37206074238742,48.995783092765244,0.096,
2026-05-23T17:45:28,small,8,2,42,123,59.39886696909221,2,81.54295309567966,48.995783092765244,0.097,
2026-05-23T17:45:28,small,8,2,42,123,59.39886696909221,3,61.36388079308185,48.995783092765244,0.107,
2026-05-23T17:45:28,small,8,2,42,123,59.39886696909221,4,46.033366363146385,46.033366363146385,0.26,III
2026-05-23T17:45:28,small,8,2,42,123,59.39886696909221,5,73.01538587529217,46.033366363146385,0.262,
2026-05-23T17:45:29,small,8,2,42,123,59.39886696909221,6,78.51520957044801,46.033366363146385,0.264,
2026-05-23T17:45:29,small,8,2,42,123,59.39886696909221,7,78.51520957044801,46.033366363146385,0.266,
2026-05-23T17:45:29,small,8,2,42,123,59.39886696909221,8,48.95864019305775,46.033366363146385,0.598,
2026-05-23T17:45:29,small,8,2,42,123,59.39886696909221,9,72.57232807303535,46.033366363146385,0.608,
2026-05-23T17:45:29,small,8,2,42,123,59.39886696909221,10,72.57232807303535,46.033366363146385,0.609,
2026-05-23T17:45:29,small,8,2,42,123,59.39886696909221,11,67.75921824356993,46.033366363146385,0.618,
2026-05-23T17:45:29,small,8,2,42,123,59.39886696909221,12,55.52946493954396,46.033366363146385,0.63,
2026-05-23T17:45:29,small,8,2,42,123,59.39886696909221,13,55.52946493954396,46.033366363146385,0.635,
2026-05-23T17:45:29,small,8,2,42,123,59.39886696909221,14,42.807875881049725,42.807875881049725,0.77,III
2026-05-23T17:45:29,small,8,2,42,123,59.39886696909221,15,69.81480103764761,42.807875881049725,0.772,
2026-05-23T17:45:29,small,8,2,42,123,59.39886696909221,16,69.81480103764761,42.807875881049725,0.774,
2026-05-23T17:45:29,small,8,2,42,123,59.39886696909221,17,42.807875881049725,42.807875881049725,0.98,
2026-05-23T17:45:29,small,8,2,42,123,59.39886696909221,18,42.807875881049725,42.807875881049725,0.986,
2026-05-23T17:45:29,small,8,2,42,123,59.39886696909221,19,88.61642399015365,42.807875881049725,0.988,
2026-05-23T17:45:29,small,8,2,42,123,59.39886696909221,20,64.60054153869399,42.807875881049725,0.991,
2026-05-23T17:45:29,small,8,2,42,123,59.39886696909221,21,42.807875881049725,42.807875881049725,1.074,
2026-05-23T17:45:29,small,8,2,42,123,59.39886696909221,22,88.61642399015365,42.807875881049725,1.076,
2026-05-23T17:45:29,small,8,2,42,123,59.39886696909221,23,83.54885404141574,42.807875881049725,1.078,
2026-05-23T17:45:29,small,8,2,42,123,59.39886696909221,24,67.28691716691864,42.807875881049725,1.095,
2026-05-23T17:45:29,small,8,2,42,123,59.39886696909221,25,44.76939860992843,42.807875881049725,1.163,
2026-05-23T17:45:29,small,8,2,42,123,59.39886696909221,26,43.21254843513455,42.807875881049725,1.171,
2026-05-23T17:45:29,small,8,2,42,123,59.39886696909221,27,65.04366715523665,42.807875881049725,1.184,
2026-05-23T17:45:29,small,8,2,42,123,59.39886696909221,28,62.468364627735546,42.807875881049725,1.261,
2026-05-23T17:45:29,small,8,2,42,123,59.39886696909221,29,43.21254843513455,42.807875881049725,1.269,
2026-05-23T17:45:29,small,8,2,42,123,59.39886696909221,30,59.668732093498186,42.807875881049725,1.274,
2026-05-23T17:45:29,small,8,2,42,123,59.39886696909221,31,59.26405953941336,42.807875881049725,1.275,
2026-05-23T17:45:29,small,8,2,42,123,59.39886696909221,32,59.26405953941336,42.807875881049725,1.277,
2026-05-23T17:45:29,small,8,2,42,123,59.39886696909221,33,76.38039933422868,42.807875881049725,1.279,
2026-05-23T17:45:29,small,8,2,42,123,59.39886696909221,34,68.20023515820014,42.807875881049725,1.281,
2026-05-23T17:45:29,small,8,2,42,123,59.39886696909221,35,42.807875881049725,42.807875881049725,1.529,
2026-05-23T17:45:29,small,8,2,42,123,59.39886696909221,36,42.807875881049725,42.807875881049725,1.531,
2026-05-23T17:45:29,small,8,2,42,123,59.39886696909221,37,44.35358078825952,42.807875881049725,1.642,
2026-05-23T17:45:29,small,8,2,42,123,59.39886696909221,38,44.35358078825952,42.807875881049725,1.647,
2026-05-23T17:45:29,small,8,2,42,123,59.39886696909221,39,42.807875881049725,42.807875881049725,1.666,
2026-05-23T17:45:29,small,8,2,42,123,59.39886696909221,40,42.807875881049725,42.807875881049725,1.668,
2026-05-23T17:45:29,small,8,2,42,123,59.39886696909221,41,44.35358078825952,42.807875881049725,1.669,
2026-05-23T17:45:29,small,8,2,42,123,59.39886696909221,42,65.35581355445754,42.807875881049725,1.674,
2026-05-23T17:45:29,small,8,2,42,123,59.39886696909221,43,42.807875881049725,42.807875881049725,1.911,
2026-05-23T17:45:29,small,8,2,42,123,59.39886696909221,44,42.807875881049725,42.807875881049725,1.912,
2026-05-23T17:45:29,small,8,2,42,123,59.39886696909221,45,78.16166584018742,42.807875881049725,1.914,
2026-05-23T17:45:33,medium,15,2,42,42,104.62508956493298,0,80.24841799280529,80.24841799280529,0.118,III
2026-05-23T17:45:33,medium,15,2,42,42,104.62508956493298,1,58.90164135656555,58.90164135656555,0.629,III
2026-05-23T17:45:33,medium,15,2,42,42,104.62508956493298,2,78.19392132852637,58.90164135656555,0.637,
2026-05-23T17:45:33,medium,15,2,42,42,104.62508956493298,3,84.04788196488809,58.90164135656555,0.714,
2026-05-23T17:45:33,medium,15,2,42,42,104.62508956493298,4,84.04788196488809,58.90164135656555,0.788,
2026-05-23T17:45:33,medium,15,2,42,42,104.62508956493298,5,92.05996140092802,58.90164135656555,0.798,
2026-05-23T17:45:33,medium,15,2,42,42,104.62508956493298,6,81.32235035164513,58.90164135656555,0.887,
2026-05-23T17:45:33,medium,15,2,42,42,104.62508956493298,7,81.32235035164513,58.90164135656555,0.894,
2026-05-23T17:45:33,medium,15,2,42,42,104.62508956493298,8,92.05996140092802,58.90164135656555,0.901,
2026-05-23T17:45:33,medium,15,2,42,42,104.62508956493298,9,92.19314567983707,58.90164135656555,0.909,
2026-05-23T17:45:33,medium,15,2,42,42,104.62508956493298,10,80.74466416709481,58.90164135656555,1.067,
2026-05-23T17:45:33,medium,15,2,42,42,104.62508956493298,11,84.73663535106529,58.90164135656555,1.153,
2026-05-23T17:45:33,medium,15,2,42,42,104.62508956493298,12,70.09424885670187,58.90164135656555,1.361,
2026-05-23T17:45:33,medium,15,2,42,42,104.62508956493298,13,80.74466416709481,58.90164135656555,1.367,
2026-05-23T17:45:33,medium,15,2,42,42,104.62508956493298,14,58.90164135656555,58.90164135656555,1.844,
2026-05-23T17:45:33,medium,15,2,42,42,104.62508956493298,15,58.90164135656555,58.90164135656555,1.851,
2026-05-23T17:45:33,medium,15,2,42,42,104.62508956493298,16,68.68663178781466,58.90164135656555,1.858,
2026-05-23T17:45:33,medium,15,2,42,42,104.62508956493298,17,59.209397968164005,58.90164135656555,2.618,
2026-05-23T17:45:33,medium,15,2,42,42,104.62508956493298,18,58.90164135656555,58.90164135656555,2.644,
2026-05-23T17:45:33,medium,15,2,42,42,104.62508956493298,19,77.10407914361782,58.90164135656555,2.685,
2026-05-23T17:45:33,medium,15,2,42,42,104.62508956493298,20,77.10407914361782,58.90164135656555,2.693,
2026-05-23T17:45:33,medium,15,2,42,42,104.62508956493298,21,58.90164135656555,58.90164135656555,2.708,
2026-05-23T17:45:33,medium,15,2,42,42,104.62508956493298,22,79.02165656518507,58.90164135656555,2.745,
2026-05-23T17:45:33,medium,15,2,42,42,104.62508956493298,23,84.36930190710979,58.90164135656555,2.809,
2026-05-23T17:45:33,medium,15,2,42,42,104.62508956493298,24,84.36930190710979,58.90164135656555,2.819,
2026-05-23T17:45:33,medium,15,2,42,42,104.62508956493298,25,104.1055232096784,58.90164135656555,2.83,
2026-05-23T17:45:33,medium,15,2,42,42,104.62508956493298,26,104.02399142086946,58.90164135656555,2.838,
2026-05-23T17:45:33,medium,15,2,42,42,104.62508956493298,27,106.08924558128638,58.90164135656555,2.845,
2026-05-23T17:45:33,medium,15,2,42,42,104.62508956493298,28,80.38430315994489,58.90164135656555,2.967,
2026-05-23T17:45:33,medium,15,2,42,42,104.62508956493298,29,83.60319256677722,58.90164135656555,3.037,
2026-05-23T17:45:33,medium,15,2,42,42,104.62508956493298,30,103.37961944118875,58.90164135656555,3.044,
2026-05-23T17:45:33,medium,15,2,42,42,104.62508956493298,31,82.08579544875612,58.90164135656555,3.135,
2026-05-23T17:45:33,medium,15,2,42,42,104.62508956493298,32,82.38477017911353,58.90164135656555,3.179,
2026-05-23T17:45:33,medium,15,2,42,42,104.62508956493298,33,85.45219666509155,58.90164135656555,3.199,
2026-05-23T17:45:33,medium,15,2,42,42,104.62508956493298,34,85.45219666509155,58.90164135656555,3.212,
2026-05-23T17:45:33,medium,15,2,42,42,104.62508956493298,35,82.38477017911353,58.90164135656555,3.225,
2026-05-23T17:45:33,medium,15,2,42,42,104.62508956493298,36,81.59734631403515,58.90164135656555,3.256,
2026-05-23T17:45:33,medium,15,2,42,42,104.62508956493298,37,81.59734631403515,58.90164135656555,3.268,
2026-05-23T17:45:33,medium,15,2,42,42,104.62508956493298,38,82.38477017911353,58.90164135656555,3.28,
2026-05-23T17:45:33,medium,15,2,42,42,104.62508956493298,39,93.83988081100154,58.90164135656555,3.333,
2026-05-23T17:45:33,medium,15,2,42,42,104.62508956493298,40,91.55524587549469,58.90164135656555,3.382,
2026-05-23T17:45:33,medium,15,2,42,42,104.62508956493298,41,91.55524587549469,58.90164135656555,3.389,
2026-05-23T17:45:33,medium,15,2,42,42,104.62508956493298,42,78.19392132852637,58.90164135656555,3.458,
2026-05-23T17:45:33,medium,15,2,42,42,104.62508956493298,43,92.05996140092802,58.90164135656555,3.464,
2026-05-23T17:45:33,medium,15,2,42,42,104.62508956493298,44,91.55524587549469,58.90164135656555,3.498,
2026-05-23T17:45:33,medium,15,2,42,42,104.62508956493298,45,78.19392132852637,58.90164135656555,3.528,
2026-05-23T17:45:33,medium,15,2,42,42,104.62508956493298,46,58.90164135656555,58.90164135656555,3.59,
2026-05-23T17:45:33,medium,15,2,42,42,104.62508956493298,47,58.90164135656555,58.90164135656555,3.598,
2026-05-23T17:45:33,medium,15,2,42,42,104.62508956493298,48,58.90164135656555,58.90164135656555,3.742,
2026-05-23T17:45:41,medium,15,2,42,99,104.62508956493298,0,124.18387129910617,104.62508956493298,0.015,
2026-05-23T17:45:41,medium,15,2,42,99,104.62508956493298,1,86.45581753915371,86.45581753915371,0.112,III
2026-05-23T17:45:41,medium,15,2,42,99,104.62508956493298,2,73.50036772406182,73.50036772406182,0.906,III
2026-05-23T17:45:41,medium,15,2,42,99,104.62508956493298,3,85.11748035517857,73.50036772406182,0.914,
2026-05-23T17:45:41,medium,15,2,42,99,104.62508956493298,4,94.82321934850793,73.50036772406182,0.921,
2026-05-23T17:45:41,medium,15,2,42,99,104.62508956493298,5,94.82321934850793,73.50036772406182,0.928,
2026-05-23T17:45:41,medium,15,2,42,99,104.62508956493298,6,73.50036772406182,73.50036772406182,1.295,
2026-05-23T17:45:41,medium,15,2,42,99,104.62508956493298,7,73.50036772406182,73.50036772406182,1.937,
2026-05-23T17:45:41,medium,15,2,42,99,104.62508956493298,8,73.50036772406182,73.50036772406182,1.944,
2026-05-23T17:45:41,medium,15,2,42,99,104.62508956493298,9,69.53370068561115,69.53370068561115,2.352,III
2026-05-23T17:45:41,medium,15,2,42,99,104.62508956493298,10,80.14289052083086,69.53370068561115,2.384,
2026-05-23T17:45:41,medium,15,2,42,99,104.62508956493298,11,80.14289052083086,69.53370068561115,2.393,
2026-05-23T17:45:41,medium,15,2,42,99,104.62508956493298,12,69.53370068561115,69.53370068561115,2.427,
2026-05-23T17:45:41,medium,15,2,42,99,104.62508956493298,13,79.67024835618467,69.53370068561115,2.434,
2026-05-23T17:45:41,medium,15,2,42,99,104.62508956493298,14,85.34827588922501,69.53370068561115,2.466,
2026-05-23T17:45:41,medium,15,2,42,99,104.62508956493298,15,85.34827588922501,69.53370068561115,2.473,
2026-05-23T17:45:41,medium,15,2,42,99,104.62508956493298,16,99.05907027857342,69.53370068561115,2.48,
2026-05-23T17:45:41,medium,15,2,42,99,104.62508956493298,17,93.18320804618327,69.53370068561115,2.545,
2026-05-23T17:45:41,medium,15,2,42,99,104.62508956493298,18,93.18320804618327,69.53370068561115,2.552,
2026-05-23T17:45:41,medium,15,2,42,99,104.62508956493298,19,66.79316027476676,66.79316027476676,2.887,III
2026-05-23T17:45:41,medium,15,2,42,99,104.62508956493298,20,89.77597165157884,66.79316027476676,2.894,
2026-05-23T17:45:41,medium,15,2,42,99,104.62508956493298,21,94.29960592137135,66.79316027476676,2.901,
2026-05-23T17:45:41,medium,15,2,42,99,104.62508956493298,22,94.29960592137135,66.79316027476676,2.907,
2026-05-23T17:45:41,medium,15,2,42,99,104.62508956493298,23,117.88110355811958,66.79316027476676,2.915,
2026-05-23T17:45:41,medium,15,2,42,99,104.62508956493298,24,84.81152737785591,66.79316027476676,3.019,
2026-05-23T17:45:41,medium,15,2,42,99,104.62508956493298,25,84.81152737785591,66.79316027476676,3.055,
2026-05-23T17:45:41,medium,15,2,42,99,104.62508956493298,26,59.7018329726525,59.7018329726525,3.206,III
2026-05-23T17:45:41,medium,15,2,42,99,104.62508956493298,27,74.86655445082046,59.7018329726525,3.265,
2026-05-23T17:45:41,medium,15,2,42,99,104.62508956493298,28,74.86655445082046,59.7018329726525,3.272,
2026-05-23T17:45:41,medium,15,2,42,99,104.62508956493298,29,59.7018329726525,59.7018329726525,3.325,
2026-05-23T17:45:41,medium,15,2,42,99,104.62508956493298,30,82.72817071884877,59.7018329726525,3.373,
2026-05-23T17:45:41,medium,15,2,42,99,104.62508956493298,31,97.72579031561766,59.7018329726525,3.381,
2026-05-23T17:45:41,medium,15,2,42,99,104.62508956493298,32,58.90164135656555,58.90164135656555,4.849,III
2026-05-23T17:45:41,medium,15,2,42,99,104.62508956493298,33,73.02029520961632,58.90164135656555,4.856,
2026-05-23T17:45:41,medium,15,2,42,99,104.62508956493298,34,74.42684831395532,58.90164135656555,5.157,
2026-05-23T17:45:41,medium,15,2,42,99,104.62508956493298,35,79.24916084077441,58.90164135656555,5.361,
2026-05-23T17:45:41,medium,15,2,42,99,104.62508956493298,36,94.2189866373437,58.90164135656555,5.368,
2026-05-23T17:45:41,medium,15,2,42,99,104.62508956493298,37,94.2189866373437,58.90164135656555,5.375,
2026-05-23T17:45:41,medium,15,2,42,99,104.62508956493298,38,79.24916084077441,58.90164135656555,5.417,
2026-05-23T17:45:41,medium,15,2,42,99,104.62508956493298,39,86.3552926892658,58.90164135656555,5.425,
2026-05-23T17:45:41,medium,15,2,42,99,104.62508956493298,40,86.50026359726397,58.90164135656555,5.548,
2026-05-23T17:45:41,medium,15,2,42,99,104.62508956493298,41,58.97988554296751,58.90164135656555,7.089,
2026-05-23T17:45:41,medium,15,2,42,99,104.62508956493298,42,64.69705800926347,58.90164135656555,7.271,
2026-05-23T17:45:41,medium,15,2,42,99,104.62508956493298,43,58.90164135656555,58.90164135656555,7.67,
2026-05-23T17:45:41,medium,15,2,42,99,104.62508956493298,44,58.90164135656555,58.90164135656555,7.686,
2026-05-23T17:45:41,medium,15,2,42,99,104.62508956493298,45,64.69705800926347,58.90164135656555,7.789,
2026-05-23T17:45:41,medium,15,2,42,99,104.62508956493298,46,76.67164806337988,58.90164135656555,7.795,
2026-05-23T17:45:41,medium,15,2,42,99,104.62508956493298,47,76.67164806337988,58.90164135656555,7.802,
2026-05-23T17:45:41,medium,15,2,42,99,104.62508956493298,48,64.69705800926347,58.90164135656555,7.843,
2026-05-23T17:45:41,medium,15,2,42,99,104.62508956493298,49,58.90164135656555,58.90164135656555,7.97,
2026-05-23T17:45:41,medium,15,2,42,99,104.62508956493298,50,58.90164135656555,58.90164135656555,7.978,
2026-05-23T17:45:41,medium,15,2,42,99,104.62508956493298,51,66.66294990589914,58.90164135656555,8.194,
2026-05-23T17:45:41,medium,15,2,42,99,104.62508956493298,52,84.24318682045009,58.90164135656555,8.201,
2026-05-23T17:45:41,medium,15,2,42,99,104.62508956493298,53,84.24318682045009,58.90164135656555,8.208,
2026-05-23T17:45:41,medium,15,2,42,99,104.62508956493298,54,58.90164135656555,58.90164135656555,8.263,
2026-05-23T17:45:47,medium,15,2,42,123,104.62508956493298,0,74.40380425411061,74.40380425411061,0.347,III
2026-05-23T17:45:47,medium,15,2,42,123,104.62508956493298,1,83.63957321167629,74.40380425411061,0.58,
2026-05-23T17:45:47,medium,15,2,42,123,104.62508956493298,2,58.90164135656555,58.90164135656555,1.529,III
2026-05-23T17:45:47,medium,15,2,42,123,104.62508956493298,3,73.85458278042721,58.90164135656555,1.537,
2026-05-23T17:45:47,medium,15,2,42,123,104.62508956493298,4,90.32606477557752,58.90164135656555,1.607,
2026-05-23T17:45:47,medium,15,2,42,123,104.62508956493298,5,90.32606477557752,58.90164135656555,1.614,
2026-05-23T17:45:47,medium,15,2,42,123,104.62508956493298,6,85.4270475970005,58.90164135656555,1.71,
2026-05-23T17:45:47,medium,15,2,42,123,104.62508956493298,7,76.76552089360128,58.90164135656555,1.772,
2026-05-23T17:45:47,medium,15,2,42,123,104.62508956493298,8,76.76552089360128,58.90164135656555,1.78,
2026-05-23T17:45:47,medium,15,2,42,123,104.62508956493298,9,66.66294990589914,58.90164135656555,2.103,
2026-05-23T17:45:47,medium,15,2,42,123,104.62508956493298,10,88.31735033112408,58.90164135656555,2.248,
2026-05-23T17:45:47,medium,15,2,42,123,104.62508956493298,11,88.31735033112408,58.90164135656555,2.255,
2026-05-23T17:45:47,medium,15,2,42,123,104.62508956493298,12,66.66294990589914,58.90164135656555,2.322,
2026-05-23T17:45:47,medium,15,2,42,123,104.62508956493298,13,84.19923350321672,58.90164135656555,2.365,
2026-05-23T17:45:47,medium,15,2,42,123,104.62508956493298,14,91.6126807069803,58.90164135656555,2.372,
2026-05-23T17:45:47,medium,15,2,42,123,104.62508956493298,15,91.6126807069803,58.90164135656555,2.379,
2026-05-23T17:45:47,medium,15,2,42,123,104.62508956493298,16,66.66294990589914,58.90164135656555,2.538,
2026-05-23T17:45:47,medium,15,2,42,123,104.62508956493298,17,88.5059727164284,58.90164135656555,2.545,
2026-05-23T17:45:47,medium,15,2,42,123,104.62508956493298,18,77.5502791645174,58.90164135656555,2.589,
2026-05-23T17:45:47,medium,15,2,42,123,104.62508956493298,19,64.75560199292727,58.90164135656555,2.931,
2026-05-23T17:45:47,medium,15,2,42,123,104.62508956493298,20,61.81257946973963,58.90164135656555,2.955,
2026-05-23T17:45:47,medium,15,2,42,123,104.62508956493298,21,77.5502791645174,58.90164135656555,2.962,
2026-05-23T17:45:47,medium,15,2,42,123,104.62508956493298,22,58.90164135656555,58.90164135656555,3.432,
2026-05-23T17:45:47,medium,15,2,42,123,104.62508956493298,23,58.90164135656555,58.90164135656555,3.439,
2026-05-23T17:45:47,medium,15,2,42,123,104.62508956493298,24,77.5502791645174,58.90164135656555,3.447,
2026-05-23T17:45:47,medium,15,2,42,123,104.62508956493298,25,83.12371429667122,58.90164135656555,3.454,
2026-05-23T17:45:47,medium,15,2,42,123,104.62508956493298,26,83.12371429667122,58.90164135656555,3.461,
2026-05-23T17:45:47,medium,15,2,42,123,104.62508956493298,27,58.97466540895812,58.90164135656555,3.945,
2026-05-23T17:45:47,medium,15,2,42,123,104.62508956493298,28,60.30819446090456,58.90164135656555,3.995,
2026-05-23T17:45:47,medium,15,2,42,123,104.62508956493298,29,60.30819446090456,58.90164135656555,4.002,
2026-05-23T17:45:47,medium,15,2,42,123,104.62508956493298,30,81.65431346224496,58.90164135656555,4.017,
2026-05-23T17:45:47,medium,15,2,42,123,104.62508956493298,31,60.30610902172269,58.90164135656555,4.081,
2026-05-23T17:45:47,medium,15,2,42,123,104.62508956493298,32,78.88172277728196,58.90164135656555,4.124,
2026-05-23T17:45:47,medium,15,2,42,123,104.62508956493298,33,68.58597370171442,58.90164135656555,4.171,
2026-05-23T17:45:47,medium,15,2,42,123,104.62508956493298,34,60.30610902172269,58.90164135656555,4.327,
2026-05-23T17:45:47,medium,15,2,42,123,104.62508956493298,35,82.07610777985938,58.90164135656555,4.409,
2026-05-23T17:45:47,medium,15,2,42,123,104.62508956493298,36,82.07610777985938,58.90164135656555,4.416,
2026-05-23T17:45:47,medium,15,2,42,123,104.62508956493298,37,60.30610902172269,58.90164135656555,4.637,
2026-05-23T17:45:47,medium,15,2,42,123,104.62508956493298,38,82.07610777985938,58.90164135656555,4.649,
2026-05-23T17:45:47,medium,15,2,42,123,104.62508956493298,39,80.74466416709481,58.90164135656555,4.68,
2026-05-23T17:45:47,medium,15,2,42,123,104.62508956493298,40,60.30610902172269,58.90164135656555,4.686,
2026-05-23T17:45:47,medium,15,2,42,123,104.62508956493298,41,79.5983889936835,58.90164135656555,4.693,
2026-05-23T17:45:47,medium,15,2,42,123,104.62508956493298,42,89.31035537254004,58.90164135656555,4.841,
2026-05-23T17:45:47,medium,15,2,42,123,104.62508956493298,43,89.31035537254004,58.90164135656555,4.85,
2026-05-23T17:45:47,medium,15,2,42,123,104.62508956493298,44,60.30610902172269,58.90164135656555,5.044,
2026-05-23T17:45:47,medium,15,2,42,123,104.62508956493298,45,82.07610777985938,58.90164135656555,5.051,
2026-05-23T17:45:47,medium,15,2,42,123,104.62508956493298,46,60.23308496933011,58.90164135656555,5.487,
2026-05-23T17:45:47,medium,15,2,42,123,104.62508956493298,47,60.30610902172269,58.90164135656555,5.496,
2026-05-23T17:45:47,medium,15,2,42,123,104.62508956493298,48,73.85458278042721,58.90164135656555,5.55,
2026-05-23T17:45:47,medium,15,2,42,123,104.62508956493298,49,73.85458278042721,58.90164135656555,5.557,
2026-05-23T17:45:47,medium,15,2,42,123,104.62508956493298,50,81.65431346224496,58.90164135656555,5.564,
