timestamp,n_customers,n_stations,seed,ws_config,status,obj_val,obj_bound,mip_gap_pct,runtime_s,n_nodes,n_vars,n_constrs,n_bin_vars,n_int_vars,vi_config
2026-05-24T23:59:29,10,2,42,milp_base,TIME_LIMIT,58.8444,13.2264,77.52,600.59,785,124752,227213,122376,122376,none
2026-05-25T00:09:54,10,2,42,milp_ws,TIME_LIMIT,52.2529,13.2264,74.69,600.49,1267,124752,227213,122376,122376,none
2026-05-25T00:20:19,10,2,42,milp_vi,TIME_LIMIT,55.8707,31.4163,43.77,600.64,1681,124752,314299,122376,122376,vi_all
2026-05-25T00:41:05,10,2,42,milp_ws_vi,TIME_LIMIT,52.2529,31.3754,39.95,600.4,1974,124752,314299,122376,122376,vi_all
2026-05-25T00:51:27,10,2,99,milp_base,TIME_LIMIT,62.6384,10.5253,83.2,600.51,894,124752,227213,122376,122376,none
2026-05-25T01:01:52,10,2,99,milp_ws,TIME_LIMIT,51.6187,10.5253,79.61,600.52,1465,124752,227213,122376,122376,none
2026-05-25T01:12:17,10,2,99,milp_vi,TIME_LIMIT,58.4402,29.4022,49.69,600.4,2116,124752,314299,122376,122376,vi_all
2026-05-25T01:22:45,10,2,99,milp_ws_vi,TIME_LIMIT,51.6187,29.4953,42.86,600.63,2366,124752,314299,122376,122376,vi_all
2026-05-25T01:33:07,10,2,123,milp_base,TIME_LIMIT,64.3357,14.3218,77.74,600.7,963,124752,227213,122376,122376,none
2026-05-25T01:43:30,10,2,123,milp_ws,TIME_LIMIT,55.4265,14.3332,74.14,600.61,1144,124752,227213,122376,122376,none
2026-05-25T01:53:55,10,2,123,milp_vi,TIME_LIMIT,59.737,33.1747,44.47,600.67,2675,124752,314299,122376,122376,vi_all
2026-05-25T02:04:21,10,2,123,milp_ws_vi,TIME_LIMIT,55.4265,32.8962,40.65,600.35,1955,124752,314299,122376,122376,vi_all
2026-05-25T02:14:43,10,2,321,milp_base,TIME_LIMIT,56.0794,11.4798,79.53,600.57,3753,124752,227213,122376,122376,none
2026-05-25T02:25:07,10,2,321,milp_ws,TIME_LIMIT,47.0161,11.5121,75.51,600.41,3144,124752,227213,122376,122376,none
2026-05-25T02:35:31,10,2,321,milp_vi,TIME_LIMIT,47.0161,30.4858,35.16,600.48,5595,124752,314299,122376,122376,vi_all
2026-05-25T02:45:58,10,2,321,milp_ws_vi,TIME_LIMIT,47.0161,31.1259,33.8,600.29,6447,124752,314299,122376,122376,vi_all
2026-05-25T02:56:46,12,2,42,milp_base,TIME_LIMIT,,,,600.14,1,231024,424975,227904,227904,none
2026-05-25T03:07:41,12,2,42,milp_ws,TIME_LIMIT,59.5078,12.5301,78.94,600.37,1,231024,424975,227904,227904,none
2026-05-25T03:18:35,12,2,42,milp_vi,TIME_LIMIT,,,,600.49,1,231024,595283,227904,227904,vi_all
2026-05-25T03:29:36,12,2,42,milp_ws_vi,TIME_LIMIT,59.5078,30.6816,48.44,600.32,1,231024,595283,227904,227904,vi_all
2026-05-25T03:40:25,12,2,99,milp_base,TIME_LIMIT,,,,600.3,1,231024,424975,227904,227904,none
2026-05-25T03:51:17,12,2,99,milp_ws,TIME_LIMIT,54.7369,7.8441,85.67,600.44,1,231024,424975,227904,227904,none
2026-05-25T04:02:12,12,2,99,milp_vi,TIME_LIMIT,,,,600.23,0,231024,595283,227904,227904,vi_all
2026-05-25T04:13:09,12,2,99,milp_ws_vi,TIME_LIMIT,54.7369,-inf,inf,600.38,0,231024,595283,227904,227904,vi_all
2026-05-25T04:23:58,12,2,123,milp_base,TIME_LIMIT,,,,600.11,1,231024,424975,227904,227904,none
2026-05-25T04:34:50,12,2,123,milp_ws,TIME_LIMIT,53.7691,11.9049,77.86,600.81,1,231024,424975,227904,227904,none
2026-05-25T04:45:46,12,2,123,milp_vi,TIME_LIMIT,,,,600.13,1,231024,595283,227904,227904,vi_all
2026-05-25T04:56:44,12,2,123,milp_ws_vi,TIME_LIMIT,53.7691,23.5011,56.29,600.9,1,231024,595283,227904,227904,vi_all
2026-05-25T05:07:34,12,2,321,milp_base,TIME_LIMIT,,,,600.15,1,231024,424975,227904,227904,none
2026-05-25T05:18:28,12,2,321,milp_ws,TIME_LIMIT,52.8703,11.5811,78.1,600.91,94,231024,424975,227904,227904,none
2026-05-25T05:29:24,12,2,321,milp_vi,TIME_LIMIT,,,,600.28,1,231024,595283,227904,227904,vi_all
2026-05-25T05:40:23,12,2,321,milp_ws_vi,TIME_LIMIT,52.8703,28.6592,45.79,600.39,1,231024,595283,227904,227904,vi_all
2026-05-25T05:52:54,15,2,42,milp_base,TIME_LIMIT,,,,600.54,0,502032,934288,497616,497616,none
2026-05-25T06:05:31,15,2,42,milp_ws,TIME_LIMIT,64.0476,-inf,inf,601.58,0,502032,934288,497616,497616,none
2026-05-25T06:18:15,15,2,42,milp_vi,TIME_LIMIT,,,,600.43,0,502032,1325909,497616,497616,vi_all
2026-05-25T06:31:05,15,2,42,milp_ws_vi,TIME_LIMIT,64.0476,-inf,inf,601.08,0,502032,1325909,497616,497616,vi_all
2026-05-25T06:43:38,15,2,99,milp_base,TIME_LIMIT,,,,602.44,0,502032,934288,497616,497616,none
2026-05-25T06:56:16,15,2,99,milp_ws,TIME_LIMIT,56.2468,-inf,inf,601.65,0,502032,934288,497616,497616,none
2026-05-25T07:09:01,15,2,99,milp_vi,TIME_LIMIT,,,,600.42,0,502032,1325909,497616,497616,vi_all
2026-05-25T07:21:54,15,2,99,milp_ws_vi,TIME_LIMIT,56.2468,-inf,inf,601.12,0,502032,1325909,497616,497616,vi_all
2026-05-25T07:34:24,15,2,123,milp_base,TIME_LIMIT,,,,600.46,0,502032,934288,497616,497616,none
2026-05-25T07:47:04,15,2,123,milp_ws,TIME_LIMIT,64.7392,-inf,inf,601.13,0,502032,934288,497616,497616,none
2026-05-25T07:59:52,15,2,123,milp_vi,TIME_LIMIT,,,,603.8,0,502032,1325909,497616,497616,vi_all
2026-05-25T08:12:48,15,2,123,milp_ws_vi,TIME_LIMIT,64.7392,-inf,inf,604.69,0,502032,1325909,497616,497616,vi_all
2026-05-25T08:25:19,15,2,321,milp_base,TIME_LIMIT,,,,600.43,0,502032,934288,497616,497616,none
2026-05-25T08:38:02,15,2,321,milp_ws,TIME_LIMIT,67.8405,-inf,inf,601.14,0,502032,934288,497616,497616,none
2026-05-25T08:50:49,15,2,321,milp_vi,TIME_LIMIT,,,,600.5,0,502032,1325909,497616,497616,vi_all
2026-05-25T09:03:47,15,2,321,milp_ws_vi,TIME_LIMIT,67.8405,-inf,inf,601.16,0,502032,1325909,497616,497616,vi_all
2026-05-25T09:44:26,7,2,42,milp_base,TIME_LIMIT,51.5029,13.9856,72.84,600.45,31780,39504,70520,38064,38064,none
2026-05-25T09:54:32,7,2,42,milp_ws,TIME_LIMIT,49.3113,13.9549,71.7,600.32,31388,39504,70520,38064,38064,none
2026-05-25T10:04:38,7,2,42,milp_vi,TIME_LIMIT,51.2945,42.1761,17.78,600.33,34918,39504,94693,38064,38064,vi_all
2026-05-25T10:14:44,7,2,42,milp_ws_vi,TIME_LIMIT,49.3113,45.634,7.46,600.4,41219,39504,94693,38064,38064,vi_all
2026-05-25T10:24:50,7,2,99,milp_base,TIME_LIMIT,38.9495,11.8354,69.61,600.26,16700,39504,70520,38064,38064,none
2026-05-25T10:34:56,7,2,99,milp_ws,TIME_LIMIT,38.6623,11.9626,69.06,600.35,23596,39504,70520,38064,38064,none
2026-05-25T10:45:02,7,2,99,milp_vi,TIME_LIMIT,38.8706,27.6872,28.77,600.26,15516,39504,94693,38064,38064,vi_all
2026-05-25T10:55:08,7,2,99,milp_ws_vi,TIME_LIMIT,38.6623,29.6092,23.42,600.2,18729,39504,94693,38064,38064,vi_all
2026-05-25T11:05:13,7,2,123,milp_base,TIME_LIMIT,60.0133,15.2914,74.52,600.14,16327,39504,70520,38064,38064,none
2026-05-25T11:15:19,7,2,123,milp_ws,TIME_LIMIT,53.7374,15.1849,71.74,600.3,14542,39504,70520,38064,38064,none
2026-05-25T11:25:25,7,2,123,milp_vi,TIME_LIMIT,55.2973,39.5828,28.42,600.2,22618,39504,94693,38064,38064,vi_all
2026-05-25T11:35:33,7,2,123,milp_ws_vi,TIME_LIMIT,53.7374,41.3721,23.01,600.24,21292,39504,94693,38064,38064,vi_all
2026-05-25T11:45:38,7,2,321,milp_base,TIME_LIMIT,42.1464,11.9653,71.61,600.42,52584,39504,70520,38064,38064,none
2026-05-25T11:55:44,7,2,321,milp_ws,TIME_LIMIT,42.1464,12.3671,70.66,600.25,55234,39504,70520,38064,38064,none
2026-05-25T12:05:50,7,2,321,milp_vi,TIME_LIMIT,42.1464,39.0266,7.4,600.26,29301,39504,94693,38064,38064,vi_all
2026-05-25T12:15:57,7,2,321,milp_ws_vi,TIME_LIMIT,42.1464,36.9975,12.22,600.42,40264,39504,94693,38064,38064,vi_all
